"player_id","games","completions","attempts","passing_yards","passing_tds","interceptions","sacks","sack_yards","sack_fumbles","sack_fumbles_lost","passing_first_downs","passing_epa","rushes","rushing_yards","rushing_tds","rushing_fumbles","rushing_fumbles_lost","rushing_first_downs","rushing_epa","fantasy_points","yards_per_qb_dropback","air_yards_per_qb_dropback","rushing_yards_per_qb_dropback","touchdowns_per_qb_dropback","interceptions_per_qb_dropback","sacks_per_qb_dropback","epa_per_qb_dropback","wpa_per_qb_dropback","qb_hits_per_qb_dropback","successes_per_qb_dropback","ten_plus_per_qb_dropback","twenty_plus_per_qb_dropback","thirty_plus_per_qb_dropback","first_downs_per_qb_dropback","yards_per_pass_attempt","air_yards_per_pass_attempt","touchdowns_per_pass_attempt","interceptions_per_pass_attempt","sacks_per_pass_attempt","epa_per_pass_attempt","wpa_per_pass_attempt","qb_hits_per_pass_attempt","successes_per_pass_attempt","ten_plus_per_pass_attempt","twenty_plus_per_pass_attempt","thirty_plus_per_pass_attempt","first_downs_per_pass_attempt","yards_per_game","air_yards_per_game","rushing_yards_per_game","touchdowns_per_game","interceptions_per_game","sacks_per_game","epa_per_game","wpa_per_game","qb_hits_per_game","successes_per_game","ten_plus_per_game","twenty_plus_per_game","thirty_plus_per_game","first_downs_per_game","yards_per_complete_pass","air_yards_per_complete_pass","touchdowns_per_complete_pass","epa_per_complete_pass","wpa_per_complete_pass","qb_hits_per_complete_pass","successes_per_complete_pass","ten_plus_per_complete_pass","twenty_plus_per_complete_pass","thirty_plus_per_complete_pass","first_downs_per_complete_pass","yards_per_qb_dropback_third_down","air_yards_per_qb_dropback_third_down","rushing_yards_per_qb_dropback_third_down","touchdowns_per_qb_dropback_third_down","interceptions_per_qb_dropback_third_down","sacks_per_qb_dropback_third_down","epa_per_qb_dropback_third_down","wpa_per_qb_dropback_third_down","qb_hits_per_qb_dropback_third_down","successes_per_qb_dropback_third_down","ten_plus_per_qb_dropback_third_down","twenty_plus_per_qb_dropback_third_down","thirty_plus_per_qb_dropback_third_down","first_downs_per_qb_dropback_third_down","yards_per_pass_attempt_third_down","air_yards_per_pass_attempt_third_down","touchdowns_per_pass_attempt_third_down","interceptions_per_pass_attempt_third_down","sacks_per_pass_attempt_third_down","epa_per_pass_attempt_third_down","wpa_per_pass_attempt_third_down","qb_hits_per_pass_attempt_third_down","successes_per_pass_attempt_third_down","ten_plus_per_pass_attempt_third_down","twenty_plus_per_pass_attempt_third_down","thirty_plus_per_pass_attempt_third_down","first_downs_per_pass_attempt_third_down","yards_per_game_third_down","air_yards_per_game_third_down","rushing_yards_per_game_third_down","touchdowns_per_game_third_down","interceptions_per_game_third_down","sacks_per_game_third_down","epa_per_game_third_down","wpa_per_game_third_down","qb_hits_per_game_third_down","successes_per_game_third_down","ten_plus_per_game_third_down","twenty_plus_per_game_third_down","thirty_plus_per_game_third_down","first_downs_per_game_third_down","yards_per_complete_pass_third_down","air_yards_per_complete_pass_third_down","touchdowns_per_complete_pass_third_down","epa_per_complete_pass_third_down","wpa_per_complete_pass_third_down","qb_hits_per_complete_pass_third_down","successes_per_complete_pass_third_down","ten_plus_per_complete_pass_third_down","twenty_plus_per_complete_pass_third_down","thirty_plus_per_complete_pass_third_down","first_downs_per_complete_pass_third_down","yards_per_qb_dropback_third_or_fourth_down","air_yards_per_qb_dropback_third_or_fourth_down","rushing_yards_per_qb_dropback_third_or_fourth_down","touchdowns_per_qb_dropback_third_or_fourth_down","interceptions_per_qb_dropback_third_or_fourth_down","sacks_per_qb_dropback_third_or_fourth_down","epa_per_qb_dropback_third_or_fourth_down","wpa_per_qb_dropback_third_or_fourth_down","qb_hits_per_qb_dropback_third_or_fourth_down","successes_per_qb_dropback_third_or_fourth_down","ten_plus_per_qb_dropback_third_or_fourth_down","twenty_plus_per_qb_dropback_third_or_fourth_down","thirty_plus_per_qb_dropback_third_or_fourth_down","first_downs_per_qb_dropback_third_or_fourth_down","yards_per_pass_attempt_third_or_fourth_down","air_yards_per_pass_attempt_third_or_fourth_down","touchdowns_per_pass_attempt_third_or_fourth_down","interceptions_per_pass_attempt_third_or_fourth_down","sacks_per_pass_attempt_third_or_fourth_down","epa_per_pass_attempt_third_or_fourth_down","wpa_per_pass_attempt_third_or_fourth_down","qb_hits_per_pass_attempt_third_or_fourth_down","successes_per_pass_attempt_third_or_fourth_down","ten_plus_per_pass_attempt_third_or_fourth_down","twenty_plus_per_pass_attempt_third_or_fourth_down","thirty_plus_per_pass_attempt_third_or_fourth_down","first_downs_per_pass_attempt_third_or_fourth_down","yards_per_game_third_or_fourth_down","air_yards_per_game_third_or_fourth_down","rushing_yards_per_game_third_or_fourth_down","touchdowns_per_game_third_or_fourth_down","interceptions_per_game_third_or_fourth_down","sacks_per_game_third_or_fourth_down","epa_per_game_third_or_fourth_down","wpa_per_game_third_or_fourth_down","qb_hits_per_game_third_or_fourth_down","successes_per_game_third_or_fourth_down","ten_plus_per_game_third_or_fourth_down","twenty_plus_per_game_third_or_fourth_down","thirty_plus_per_game_third_or_fourth_down","first_downs_per_game_third_or_fourth_down","yards_per_complete_pass_third_or_fourth_down","air_yards_per_complete_pass_third_or_fourth_down","touchdowns_per_complete_pass_third_or_fourth_down","epa_per_complete_pass_third_or_fourth_down","wpa_per_complete_pass_third_or_fourth_down","qb_hits_per_complete_pass_third_or_fourth_down","successes_per_complete_pass_third_or_fourth_down","ten_plus_per_complete_pass_third_or_fourth_down","twenty_plus_per_complete_pass_third_or_fourth_down","thirty_plus_per_complete_pass_third_or_fourth_down","first_downs_per_complete_pass_third_or_fourth_down"
23459,17,368,584,3897,28,11,40,302,5,2,192,10.1309934533945,22,107,0,0,0,7,4.28056435993379,256.58,5.75738724727838,2.7651632970451,0.160186625194401,0.046656298600311,0.0171073094867807,0.0622083981337481,0.00690389677352885,-0.000206749218732058,0.143079315707621,0.433903576982893,0.264385692068429,0.0793157076205288,0.0202177293934681,0.312597200622084,5.74003189792663,2.83572567783094,0.0478468899521531,0.0175438596491228,0.0637958532695375,-0.00201690890789766,-0.0004593481963541,0.146730462519936,0.433811802232855,0.264752791068581,0.0813397129186603,0.0207336523125997,0.309409888357257,218.235294117647,104.588235294118,6.52941176470588,1.76470588235294,0.647058823529412,2.35294117647059,0.289101933748493,-0.00579724193047375,5.41176470588235,16.4705882352941,10,3,0.764705882352941,11.8235294117647,10.5896739130435,4.83152173913043,0.0760869565217391,0.808245421229238,0.0231798536239763,0.0597826086956522,0.72554347826087,0.451086956521739,0.138586956521739,0.0353260869565217,0.52445652173913,5.91620111731844,3.73743016759777,0.212290502793296,0.0502793296089385,0.0335195530726257,0.11731843575419,-0.153263644029912,-0.00442731474498,0.217877094972067,0.391061452513966,0.279329608938547,0.111731843575419,0.0279329608938547,0.340782122905028,5.90173410404624,3.86705202312139,0.0520231213872832,0.0346820809248555,0.121387283236994,-0.174866362756719,-0.00504181928510475,0.225433526011561,0.38728323699422,0.283236994219653,0.115606936416185,0.0289017341040462,0.335260115606936,62.2941176470588,39.3529411764706,2.23529411764706,0.529411764705882,0.352941176470588,1.23529411764706,-1.61377601655024,-0.0466170199618482,2.29411764705882,4.11764705882353,2.94117647058824,1.17647058823529,0.294117647058824,3.58823529411765,13.4886363636364,7.60227272727273,0.0795454545454545,1.26866378138583,0.036651198045756,0.0795454545454545,0.727272727272727,0.556818181818182,0.227272727272727,0.0568181818181818,0.647727272727273,5.83248730964467,3.70558375634518,0.192893401015228,0.0456852791878173,0.0304568527918782,0.121827411167513,-0.161200391768461,-0.0045993788875403,0.228426395939086,0.395939086294416,0.279187817258883,0.106598984771574,0.0304568527918782,0.350253807106599,5.81675392670157,3.82198952879581,0.0471204188481675,0.031413612565445,0.12565445026178,-0.181016574104425,-0.00516137716134629,0.235602094240838,0.392670157068063,0.282722513089005,0.109947643979058,0.031413612565445,0.345549738219895,67.5882352941177,42.9411764705882,2.23529411764706,0.529411764705882,0.352941176470588,1.41176470588235,-1.86802806931687,-0.053298684755614,2.64705882352941,4.58823529411765,3.23529411764706,1.23529411764706,0.352941176470588,4.05882352941176,13.53125,7.60416666666667,0.0729166666666667,1.41281567670041,0.0409921532369729,0.09375,0.75,0.5625,0.21875,0.0625,0.677083333333333
26158,7,162,248,1761,12,7,18,123,3,3,87,2.99938587216687,9,26,0,1,1,2,-7.00213673635153,99.04,6.16296296296296,4.11111111111111,0.0962962962962963,0.0481481481481481,0.0259259259259259,0.0666666666666667,0.0114935848098586,-0.0014051913401114,0.12962962962963,0.459259259259259,0.277777777777778,0.0851851851851852,0.0222222222222222,0.32962962962963,6.13483146067416,4.15730337078652,0.048689138576779,0.0262172284644195,0.0674157303370786,0.00768683847253512,-0.00170328217081412,0.131086142322097,0.460674157303371,0.277153558052434,0.0823970037453183,0.0224719101123595,0.329588014981273,238.142857142857,158.571428571429,4.14285714285714,1.85714285714286,1,2.57142857142857,-0.396931339505023,-0.075475221287201,5,17.8571428571429,10.7142857142857,3.28571428571429,0.857142857142857,12.8571428571429,10.8703703703704,6.85185185185185,0.0740740740740741,0.861299031935024,0.0219203457856838,0.0493827160493827,0.759259259259259,0.45679012345679,0.135802469135802,0.037037037037037,0.54320987654321,6.54285714285714,4.15714285714286,0.357142857142857,0.1,0.0142857142857143,0.0285714285714286,0.289678621900168,0.00619930699481664,0.114285714285714,0.442857142857143,0.3,0.1,0,0.428571428571429,6.36764705882353,4.27941176470588,0.102941176470588,0.0147058823529412,0.0294117647058824,0.271679594667888,0.00512129824403847,0.117647058823529,0.441176470588235,0.294117647058824,0.0882352941176471,0,0.426470588235294,65.7142857142857,41.5714285714286,3.85714285714286,1,0.142857142857143,0.285714285714286,2.95673114872304,0.0640909320555795,1.14285714285714,4.57142857142857,3,1,0,4.42857142857143,10.4761904761905,6.92857142857143,0.166666666666667,1.29498495875731,0.0377291532619504,0.0238095238095238,0.714285714285714,0.476190476190476,0.142857142857143,0,0.69047619047619,6.26923076923077,4.08974358974359,0.320512820512821,0.102564102564103,0.0128205128205128,0.0512820512820513,0.254264612211084,0.00505518108455572,0.141025641025641,0.461538461538462,0.294871794871795,0.0897435897435897,0,0.448717948717949,6.10526315789474,4.19736842105263,0.105263157894737,0.0131578947368421,0.0526315789473684,0.237228271800911,0.00406053836253681,0.144736842105263,0.460526315789474,0.289473684210526,0.0789473684210526,0,0.447368421052632,70.1428571428571,45.5714285714286,3.85714285714286,1.14285714285714,0.142857142857143,0.571428571428571,2.89317918007345,0.0584270227638912,1.57142857142857,5.28571428571429,3.28571428571429,1,0,5.14285714285714,10.2340425531915,6.78723404255319,0.170212765957447,1.37908106590748,0.0378263314370426,0.0212765957446809,0.74468085106383,0.468085106382979,0.127659574468085,0,0.723404255319149
26300,4,2,3,17,0,0,1,5,0,0,1,-1.80973551096395,4,1,0,0,0,0,-3.56283131003147,0.78,3,3.75,0,0,0,0.25,-0.452433877740987,-0.000157132744789124,0.5,0.25,0.25,0,0,0.25,3,3.75,0,0,0.25,-0.452433877740987,-0.000157132744789124,0.5,0.25,0.25,0,0,0.25,3.75,3.75,0.75,0,0,0.25,-0.412755568948342,0.000194653868675232,0.5,0.5,0.25,0,0,0.25,8.5,7.5,0,0.387638988380786,2.35140323638916e-05,0.5,0.5,0.5,0,0,0.5,5.66666666666667,5,0,0,0,0,-0.210134507156909,5.74191411336263e-06,0.333333333333333,0.333333333333333,0.333333333333333,0,0,0.333333333333333,5.66666666666667,5,0,0,0,-0.210134507156909,5.74191411336263e-06,0.333333333333333,0.333333333333333,0.333333333333333,0,0,0.333333333333333,8.5,7.5,0,0,0,0,-0.315201760735363,8.61287117004395e-06,0.5,0.5,0.5,0,0,0.5,8.5,7.5,0,0.387638988380786,2.35140323638916e-05,0.5,0.5,0.5,0,0,0.5,5.66666666666667,5,0,0,0,0,-0.210134507156909,5.74191411336263e-06,0.333333333333333,0.333333333333333,0.333333333333333,0,0,0.333333333333333,5.66666666666667,5,0,0,0,-0.210134507156909,5.74191411336263e-06,0.333333333333333,0.333333333333333,0.333333333333333,0,0,0.333333333333333,8.5,7.5,0,0,0,0,-0.315201760735363,8.61287117004395e-06,0.5,0.5,0.5,0,0,0.5,8.5,7.5,0,0.387638988380786,2.35140323638916e-05,0.5,0.5,0.5,0,0,0.5
26498,16,340,517,3762,20,8,28,213,4,2,176,34.734750099594,30,41,0,2,0,10,-3.01184265889613,214.58,6.50477707006369,3.80573248407643,0.0684713375796178,0.0382165605095541,0.0127388535031847,0.0557324840764331,0.0729116882474889,0.00240336205170771,0.159235668789809,0.480891719745223,0.269108280254777,0.0859872611464968,0.0238853503184713,0.328025477707006,6.4775641025641,3.8301282051282,0.0384615384615385,0.0128205128205128,0.0560897435897436,0.0664819642311518,0.00224618531000516,0.16025641025641,0.479166666666667,0.266025641025641,0.0865384615384615,0.0240384615384615,0.325320512820513,228.111111111111,132.777777777778,3.55555555555555,1.33333333333333,0.444444444444444,1.94444444444444,2.58546559677014,0.0811915938725661,5.55555555555556,17.1666666666667,9.38888888888889,3,0.833333333333333,11.8333333333333,11.1558441558442,6.20779220779221,0.0623376623376623,0.80566290691757,0.0234713089383471,0.0545454545454545,0.776623376623377,0.431168831168831,0.14025974025974,0.038961038961039,0.527272727272727,4.52903225806452,3.08387096774194,0.103225806451613,0.0387096774193548,0.0193548387096774,0.116129032258065,-0.306859073205778,-0.00620741004736243,0.245161290322581,0.354838709677419,0.232258064516129,0.0451612903225806,0.0193548387096774,0.309677419354839,4.48366013071895,3.12418300653595,0.0392156862745098,0.0196078431372549,0.117647058823529,-0.323468751589743,-0.00659634072430045,0.248366013071895,0.352941176470588,0.22875816993464,0.0457516339869281,0.0196078431372549,0.30718954248366,39.5,26.5555555555556,1.38888888888889,0.333333333333333,0.166666666666667,1,-2.58203089341157,-0.051677472626505,2.11111111111111,3.27777777777778,2,0.388888888888889,0.166666666666667,2.88888888888889,10.4050632911392,6.0506329113924,0.0759493670886076,0.915903498699966,0.0263390484761148,0.10126582278481,0.683544303797468,0.443037974683544,0.0886075949367089,0.0379746835443038,0.59493670886076,4.64670658682635,3.10179640718563,0.0958083832335329,0.0359281437125748,0.0179640718562874,0.107784431137725,-0.302531083995161,-0.00835276554010152,0.25748502994012,0.359281437125749,0.239520958083832,0.0479041916167665,0.0179640718562874,0.317365269461078,4.60606060606061,3.13939393939394,0.0363636363636364,0.0181818181818182,0.109090909090909,-0.317880325294102,-0.00873941465862876,0.260606060606061,0.357575757575758,0.236363636363636,0.0484848484848485,0.0181818181818182,0.315151515151515,43.9444444444444,28.7777777777778,1.72222222222222,0.333333333333333,0.166666666666667,1,-2.49861236088791,-0.0675763382773528,2.38888888888889,3.66666666666667,2.22222222222222,0.444444444444444,0.166666666666667,3.27777777777778,10.5411764705882,6.09411764705882,0.0705882352941176,1.00242312512048,0.0268255108883908,0.105882352941176,0.694117647058824,0.458823529411765,0.0941176470588235,0.0352941176470588,0.611764705882353
27973,6,106,160,989,7,6,7,37,1,0,50,-18.0958913262782,11,34,0,0,0,2,-3.43167459384309,58.96,5.67816091954023,3.04597701149425,0.206896551724138,0.0459770114942529,0.0344827586206897,0.0402298850574713,-0.149349476338183,-0.000869102383922187,0.103448275862069,0.413793103448276,0.241379310344828,0.0747126436781609,0.028735632183908,0.298850574712644,5.66666666666667,3.1547619047619,0.0476190476190476,0.0357142857142857,0.0416666666666667,-0.151455602264776,-0.000570713125181652,0.107142857142857,0.410714285714286,0.244047619047619,0.0773809523809524,0.0297619047619048,0.297619047619048,165,88.3333333333333,6.33333333333333,1.33333333333333,1,1.16666666666667,-4.39124488218287,-0.0271864593554028,3,12,7,2.16666666666667,0.833333333333333,8.66666666666667,9.33018867924528,5,0.0660377358490566,0.547315701952566,0.0138506936938453,0.0566037735849057,0.650943396226415,0.386792452830189,0.122641509433962,0.0471698113207547,0.471698113207547,5.46808510638298,3,0.106382978723404,0.0638297872340425,0.0425531914893617,0.0638297872340425,-0.431102704047267,-0.0078329719150553,0.127659574468085,0.361702127659574,0.25531914893617,0.0851063829787234,0.0425531914893617,0.340425531914894,5.6,3.13333333333333,0.0666666666666667,0.0444444444444444,0.0666666666666667,-0.419347074635705,-0.00690314146620482,0.133333333333333,0.377777777777778,0.266666666666667,0.0888888888888889,0.0444444444444444,0.333333333333333,42.8333333333333,23.5,0.833333333333333,0.5,0.333333333333333,0.5,-3.37697118170359,-0.0613582800012665,1,2.83333333333333,2,0.666666666666667,0.333333333333333,2.66666666666667,9.96296296296296,5.22222222222222,0.0740740740740741,0.725027720444063,0.017102153869611,0.111111111111111,0.62962962962963,0.444444444444444,0.148148148148148,0.0740740740740741,0.555555555555556,5.22,2.9,0.1,0.06,0.04,0.06,-0.448176488305714,-0.00645913574688836,0.16,0.36,0.24,0.08,0.04,0.34,5.33333333333333,3.02083333333333,0.0625,0.0416666666666667,0.0625,-0.43786699340981,-0.00553017652741742,0.166666666666667,0.375,0.25,0.0833333333333333,0.0416666666666667,0.333333333333333,43.5,24.1666666666667,0.833333333333333,0.5,0.333333333333333,0.5,-3.73480406921428,-0.0538261312240697,1.33333333333333,3,2,0.666666666666667,0.333333333333333,2.83333333333333,9.75,5.17857142857143,0.0714285714285714,0.807976134512394,0.0197517367291959,0.107142857142857,0.642857142857143,0.428571428571429,0.142857142857143,0.0714285714285714,0.571428571428571
28118,2,17,22,119,3,0,0,0,0,0,9,11.9040861275571,3,13,0,1,0,0,-0.676485965115717,20.06,4.96296296296296,1.88888888888889,0.481481481481481,0.111111111111111,0,0,0.445145733782245,-2.89907060235877e-05,0.0740740740740741,0.592592592592593,0.111111111111111,0.037037037037037,0,0.333333333333333,4.84,2.04,0.12,0,0,0.442523445102284,-4.4189451582497e-05,0.08,0.56,0.12,0.04,0,0.36,67,25.5,6.5,1.5,0,0,5.19330008122069,-0.000393174461351009,1,8,1.5,0.5,0,4.5,7,3,0.176470588235294,0.850789646508501,-3.70723029122581e-05,0.0588235294117647,0.764705882352941,0.176470588235294,0.0588235294117647,0,0.529411764705882,8.75,7.5,0,0.25,0,0,1.76519417726377,8.79690906003816e-05,0.25,1,0.5,0,0,1,8.75,7.5,0.25,0,0,1.76519417726377,8.79690906003816e-05,0.25,1,0.5,0,0,1,17.5,15,0,0.5,0,0,3.53038835452753,0.000175938181200763,0.5,2,1,0,0,2,8.75,7.5,0.25,1.76519417726377,8.79690906003816e-05,0.25,1,0.5,0,0,1,8.75,7.5,0,0.25,0,0,1.76519417726377,8.79690906003816e-05,0.25,1,0.5,0,0,1,8.75,7.5,0.25,0,0,1.76519417726377,8.79690906003816e-05,0.25,1,0.5,0,0,1,17.5,15,0,0.5,0,0,3.53038835452753,0.000175938181200763,0.5,2,1,0,0,2,8.75,7.5,0.25,1.76519417726377,8.79690906003816e-05,0.25,1,0.5,0,0,1
29263,11,214,336,2482,16,5,33,219,3,2,112,-0.964512999121601,43,155,2,2,2,16,-7.59418953425484,172.78,6.30496453900709,3.55555555555556,0.361702127659574,0.049645390070922,0.0118203309692671,0.0874704491725768,0.0213098157423105,-0.000851236982736094,0.193853427895981,0.423167848699764,0.25531914893617,0.108747044917258,0.0472813238770686,0.309692671394799,6.26932668329177,3.75062344139651,0.0498753117206983,0.0124688279301746,0.0922693266832918,0.00796501178539155,-0.00121106368861972,0.204488778054863,0.413965087281795,0.254364089775561,0.114713216957606,0.0498753117206983,0.301745635910224,223.833333333333,125.333333333333,14.3333333333333,1.83333333333333,0.416666666666667,3.08333333333333,0.320458074751951,-0.0407692965350691,6.83333333333333,15.4166666666667,9,3.83333333333333,1.66666666666667,11.4166666666667,11.7606837606838,6.42735042735043,0.0769230769230769,0.832473542886578,0.0205890713804535,0.0854700854700855,0.709401709401709,0.435897435897436,0.196581196581197,0.0854700854700855,0.517094017094017,7.10526315789474,5.29323308270677,0.556390977443609,0.0601503759398496,0.0225563909774436,0.105263157894737,0.00979967556295969,-0.00168010302337873,0.24812030075188,0.383458646616541,0.293233082706767,0.157894736842105,0.0676691729323308,0.37593984962406,7.08130081300813,5.72357723577236,0.0650406504065041,0.024390243902439,0.113821138211382,-0.0351408819362762,-0.00256250732871718,0.268292682926829,0.365853658536585,0.292682926829268,0.170731707317073,0.0731707317073171,0.357723577235772,79.5833333333333,58.6666666666667,7,0.666666666666667,0.25,1.16666666666667,0.0621033824082862,-0.0189813699637283,2.75,4.58333333333333,3.25,1.75,0.75,4.5,14.3235294117647,10.3529411764706,0.102941176470588,1.23842462025898,0.0296147129581632,0.147058823529412,0.661764705882353,0.529411764705882,0.308823529411765,0.132352941176471,0.647058823529412,6.91304347826087,5.16666666666667,0.536231884057971,0.0579710144927536,0.0217391304347826,0.101449275362319,-0.0234757975845995,-0.00271326386951821,0.246376811594203,0.376811594202899,0.282608695652174,0.152173913043478,0.0652173913043478,0.369565217391304,6.875,5.5703125,0.0625,0.0234375,0.109375,-0.0692605108961746,-0.00364191494778402,0.265625,0.359375,0.28125,0.1640625,0.0703125,0.3515625,80.4166666666667,59.4166666666667,7.08333333333333,0.666666666666667,0.25,1.16666666666667,-0.200375046993822,-0.0315339139726688,2.83333333333333,4.75,3.25,1.75,0.75,4.66666666666667,14.2463768115942,10.3333333333333,0.101449275362319,1.25198718826573,0.0300639087335295,0.159420289855072,0.666666666666667,0.521739130434783,0.304347826086957,0.130434782608696,0.652173913043478
29604,14,303,453,3508,18,16,28,201,7,2,163,22.0813880221903,23,0,0,5,0,2,-16.7720963966299,176.32,6.90852390852391,3.78586278586279,0.0332640332640333,0.0415800415800416,0.0332640332640333,0.0582120582120582,0.0336509887786279,0.00202102653061762,0.16008316008316,0.48024948024948,0.307692307692308,0.0873180873180873,0.0311850311850312,0.338877338877339,6.918410041841,3.80962343096234,0.0418410041841004,0.0334728033472803,0.0585774058577406,0.033958290045486,0.00206557446801501,0.161087866108787,0.481171548117155,0.307531380753138,0.0878661087866109,0.0313807531380753,0.341004184100418,238,130.071428571429,1.78571428571429,1.42857142857143,1.14285714285714,2,0.855572485460963,0.0658769093397646,5.5,16.6428571428571,10.5714285714286,3,1.07142857142857,11.7857142857143,11.5775577557756,6.00990099009901,0.0594059405940594,0.876749089193999,0.0282805925997514,0.0726072607260726,0.752475247524752,0.485148514851485,0.138613861386139,0.0495049504950495,0.537953795379538,5.93798449612403,3.93798449612403,0.00775193798449612,0.0465116279069767,0.00775193798449612,0.0930232558139535,-0.146895854250023,-0.000241889316050958,0.186046511627907,0.395348837209302,0.286821705426357,0.0852713178294574,0.0155038759689922,0.341085271317829,5.9765625,3.96875,0.046875,0.0078125,0.09375,-0.141063484930385,3.80852352134808e-05,0.1875,0.3984375,0.2890625,0.0859375,0.015625,0.34375,55.2857142857143,36.2857142857143,0.642857142857143,0.428571428571429,0.0714285714285714,0.857142857142857,-1.36576318281696,-0.00313424033841413,1.71428571428571,3.71428571428571,2.64285714285714,0.785714285714286,0.142857142857143,3.21428571428571,11.7534246575342,6.95890410958904,0.0684931506849315,1.01221682523502,0.0339808130192707,0.0958904109589041,0.671232876712329,0.506849315068493,0.150684931506849,0.0273972602739726,0.602739726027397,6.38513513513514,4.2027027027027,0.00675675675675676,0.0743243243243243,0.027027027027027,0.0810810810810811,0.0213858298105217,0.00221243185377612,0.168918918918919,0.425675675675676,0.304054054054054,0.0945945945945946,0.027027027027027,0.378378378378378,6.42176870748299,4.2312925170068,0.0748299319727891,0.0272108843537415,0.0816326530612245,0.0276091288375571,0.00247291528052221,0.170068027210884,0.428571428571429,0.306122448979592,0.0952380952380952,0.0272108843537415,0.380952380952381,68.2857142857143,44.4285714285714,0.857142857142857,0.785714285714286,0.285714285714286,0.857142857142857,0.330796274087689,0.0283227399852455,1.78571428571429,4.64285714285714,3.21428571428571,1,0.285714285714286,4.14285714285714,12.0581395348837,7.23255813953488,0.104651162790698,1.3462355027203,0.0432461117586445,0.0930232558139535,0.709302325581395,0.523255813953488,0.162790697674419,0.0465116279069767,0.651162790697674
30565,17,407,578,4320,21,15,50,338,4,0,209,24.5940963877961,53,272,2,4,0,17,1.24131504906109,266,6.49004594180704,3.27565084226646,0.392036753445636,0.0367534456355283,0.0229709035222052,0.0765696784073507,0.0322465057858548,0.00247841991038762,0.160796324655436,0.47166921898928,0.29249617151608,0.0811638591117917,0.0245022970903522,0.341500765696784,6.33068362480127,3.4006359300477,0.0349761526232114,0.0238473767885533,0.0794912559618442,0.00548243767773082,0.000928462018907887,0.166931637519873,0.46422893481717,0.284578696343402,0.0794912559618442,0.0222575516693164,0.333863275039746,251.352941176471,125.823529411765,17.1176470588235,1.41176470588235,0.88235294117647,2.94117647058824,0.611206367844652,0.0738095643457377,6.1764705882353,18.4705882352941,11.3529411764706,3.11764705882353,0.941176470588235,13.4117647058824,10.6142506142506,5.25552825552826,0.0515970515970516,0.712581013362814,0.0198961792983601,0.058968058968059,0.717444717444717,0.43980343980344,0.122850122850123,0.0343980343980344,0.515970515970516,5.78915662650602,3.19277108433735,0.319277108433735,0.0301204819277108,0.0421686746987952,0.0963855421686747,-0.0979526935376882,0.000656342984974262,0.210843373493976,0.397590361445783,0.265060240963855,0.0843373493975904,0.0301204819277108,0.379518072289157,5.675,3.3125,0.03125,0.04375,0.1,-0.118887087255227,0.000470741999452434,0.21875,0.39375,0.2625,0.0875,0.03125,0.38125,57.7058823529412,31.1764705882353,4.29411764705882,0.294117647058823,0.411764705882353,0.941176470588235,-1.16819334350244,-0.00568980352733535,2.05882352941176,4,2.64705882352941,0.823529411764706,0.294117647058824,3.82352941176471,11.5333333333333,5.88888888888889,0.0555555555555556,1.14056292669981,0.0324800579848759,0.0666666666666667,0.7,0.466666666666667,0.155555555555556,0.0555555555555556,0.677777777777778,5.73142857142857,3.36571428571429,0.302857142857143,0.0342857142857143,0.04,0.108571428571429,-0.0949175457130372,0.001510373985402,0.217142857142857,0.4,0.268571428571429,0.0914285714285714,0.0285714285714286,0.382857142857143,5.62130177514793,3.48520710059172,0.0355029585798817,0.0414201183431953,0.112426035502959,-0.114629333333501,0.00136497770326634,0.224852071005917,0.396449704142012,0.266272189349112,0.0946745562130177,0.029585798816568,0.384615384615385,60.0588235294118,34.6470588235294,4.17647058823529,0.352941176470588,0.411764705882353,1.11764705882353,-1.22238745490341,0.000667756897306755,2.23529411764706,4.35294117647059,2.82352941176471,0.941176470588235,0.294117647058824,4.17647058823529,11.8297872340426,6.26595744680851,0.0638297872340425,1.24757332028144,0.0348714856127599,0.0638297872340425,0.712765957446808,0.478723404255319,0.170212765957447,0.0531914893617021,0.691489361702128
31280,10,189,279,2145,15,5,8,48,2,0,93,48.410375113159,17,71,1,1,0,4,-1.09444993169745,150.9,7.21140939597315,3.5503355704698,0.167785234899329,0.0536912751677852,0.0167785234899329,0.0268456375838926,0.137481721802462,0.00323954431028389,0.0906040268456376,0.436241610738255,0.26510067114094,0.0906040268456376,0.0402684563758389,0.322147651006711,7.23793103448276,3.64827586206897,0.0551724137931034,0.0172413793103448,0.0275862068965517,0.145865654059753,0.0030716902883486,0.0931034482758621,0.441379310344828,0.268965517241379,0.0931034482758621,0.0413793103448276,0.327586206896552,217.2,105.8,7.3,1.7,0.5,0.8,4.1206589745631,0.100515503858892,2.7,13.4,7.9,2.7,1.2,9.9,11.3492063492063,5.5978835978836,0.0793650793650794,0.791332595776629,0.0237521395840833,0.0529100529100529,0.666666666666667,0.412698412698413,0.142857142857143,0.0634920634920635,0.502645502645503,7.96341463414634,4.73170731707317,0.268292682926829,0.0731707317073171,0.0121951219512195,0.0121951219512195,0.25031693183093,0.0134334065324503,0.121951219512195,0.439024390243902,0.304878048780488,0.0975609756097561,0.0365853658536585,0.390243902439024,7.8875,4.85,0.075,0.0125,0.0125,0.246103531698784,0.0132977026454209,0.125,0.4375,0.3,0.1,0.0375,0.3875,66.6,38.8,3.5,0.6,0.1,0.1,2.23223382563121,0.112582995694159,1,3.8,2.5,0.8,0.3,3.4,12.5294117647059,7.6078431372549,0.117647058823529,1.1186092168178,0.0401348817779501,0.117647058823529,0.666666666666667,0.470588235294118,0.156862745098039,0.0588235294117647,0.607843137254902,7.55172413793103,4.48275862068965,0.252873563218391,0.0689655172413793,0.0114942528735632,0.0114942528735632,0.147273955079514,0.00708271879360579,0.137931034482759,0.425287356321839,0.28735632183908,0.0919540229885057,0.0344827586206897,0.379310344827586,7.47058823529412,4.58823529411765,0.0705882352941176,0.0117647058823529,0.0117647058823529,0.14088386138452,0.00680556954137002,0.141176470588235,0.423529411764706,0.282352941176471,0.0941176470588235,0.0352941176470588,0.376470588235294,67,39,3.5,0.6,0.1,0.1,1.46091839380935,0.0640487156324374,1.2,3.9,2.5,0.8,0.3,3.5,12.3653846153846,7.5,0.115384615384615,1.14367388738708,0.0406000288826683,0.115384615384615,0.673076923076923,0.461538461538462,0.153846153846154,0.0576923076923077,0.615384615384615
31345,1,27,41,334,2,1,3,15,0,0,16,3.02463218411804,2,5,0,0,0,0,-1.98857976053841,19.86,7.04347826086957,2.21739130434783,0.108695652173913,0.0434782608695652,0.0217391304347826,0.0652173913043478,0.044681462975057,-0.00284711669702544,0.195652173913043,0.478260869565217,0.260869565217391,0.130434782608696,0.0434782608695652,0.347826086956522,7.08888888888889,2.26666666666667,0.0444444444444444,0.0222222222222222,0.0666666666666667,0.0461696040915119,-0.00286647455287948,0.2,0.488888888888889,0.266666666666667,0.133333333333333,0.0444444444444444,0.355555555555556,324,102,5,2,1,3,0.0890524235796235,-0.194289852556426,9,22,12,6,2,16,12.3703703703704,3.77777777777778,0.0740740740740741,0.91231072345464,0.0348733659200154,0.148148148148148,0.777777777777778,0.444444444444444,0.222222222222222,0.0740740740740741,0.592592592592593,7.69230769230769,5.61538461538461,0,0.0769230769230769,0.0769230769230769,0.230769230769231,-0.290386341454293,-0.00949671439458458,0.230769230769231,0.384615384615385,0.230769230769231,0.153846153846154,0.153846153846154,0.384615384615385,7.69230769230769,5.61538461538461,0.0769230769230769,0.0769230769230769,0.230769230769231,-0.290386341454293,-0.00949671439458458,0.230769230769231,0.384615384615385,0.230769230769231,0.153846153846154,0.153846153846154,0.384615384615385,100,73,0,1,1,3,-5.74131731217881,-0.186779771622855,3,5,3,2,2,5,19.1666666666667,12.1666666666667,0.166666666666667,1.72527926369609,0.058097160627968,0,0.833333333333333,0.5,0.333333333333333,0.333333333333333,0.833333333333333,7.8,5.33333333333333,0,0.0666666666666667,0.0666666666666667,0.2,-0.230623636301865,-0.0230253460921737,0.266666666666667,0.4,0.266666666666667,0.133333333333333,0.133333333333333,0.4,7.8,5.33333333333333,0.0666666666666667,0.0666666666666667,0.2,-0.230623636301865,-0.0230253460921737,0.266666666666667,0.4,0.266666666666667,0.133333333333333,0.133333333333333,0.4,117,80,0,1,1,3,-5.42564941780097,-0.408702675875861,4,6,4,2,2,6,18.8571428571429,11.4285714285714,0.142857142857143,1.93089173664339,0.0660321684995097,0.142857142857143,0.857142857142857,0.571428571428571,0.285714285714286,0.285714285714286,0.857142857142857
31503,11,181,296,2121,13,12,24,130,5,2,103,-26.8449569391746,25,83,1,0,0,17,16.7026754478575,131.14,6.12275449101796,4.05988023952096,0.137724550898204,0.0479041916167665,0.0359281437125748,0.0718562874251497,-0.067629902079486,-0.000998467053729651,0.146706586826347,0.425149700598802,0.266467065868263,0.0718562874251497,0.0269461077844311,0.323353293413174,6.1319018404908,4.15950920245399,0.0460122699386503,0.0368098159509202,0.0736196319018405,-0.0924041574721366,-0.00117238433708169,0.150306748466258,0.417177914110429,0.269938650306748,0.0736196319018405,0.0276073619631902,0.315950920245399,189.363636363636,123.272727272727,7.63636363636364,1.45454545454545,1.09090909090909,2.18181818181818,-1.22009817164173,-0.0141652089542662,4.45454545454546,14.0909090909091,8.27272727272727,2.18181818181818,0.818181818181818,10.9090909090909,11.7182320441989,7.49171270718232,0.0718232044198895,0.89904389910199,0.0239849767805569,0.0552486187845304,0.729281767955801,0.486187845303867,0.132596685082873,0.0497237569060773,0.569060773480663,5.72527472527473,4.30769230769231,0.0549450549450549,0.043956043956044,0.010989010989011,0.10989010989011,-0.0548406805580077,-0.00011630717739673,0.208791208791209,0.395604395604396,0.296703296703297,0.0549450549450549,0.021978021978022,0.373626373626374,5.73333333333333,4.35555555555556,0.0444444444444444,0.0111111111111111,0.111111111111111,-0.0656023551207278,-0.000264736525228096,0.211111111111111,0.388888888888889,0.3,0.0555555555555556,0.0222222222222222,0.366666666666667,52.3,39.2,0.7,0.4,0.1,1,-0.585111612542983,-0.00441916297683542,1.9,3.8,2.7,0.5,0.2,3.6,11.8979591836735,8,0.0816326530612245,1.17057396316826,0.0321749433939848,0.122448979591837,0.714285714285714,0.551020408163265,0.102040816326531,0.0408163265306122,0.673469387755102,5.57425742574257,4.21782178217822,0.099009900990099,0.0495049504950495,0.0099009900990099,0.099009900990099,0.0417932600794504,0.00172500242176922,0.188118811881188,0.425742574257426,0.277227722772277,0.0495049504950495,0.0198019801980198,0.405940594059406,5.64285714285714,4.3469387755102,0.0408163265306122,0.0102040816326531,0.102040816326531,-0.0244439157293096,0.000941381926087574,0.193877551020408,0.408163265306122,0.285714285714286,0.0510204081632653,0.0204081632653061,0.387755102040816,52.2727272727273,38.7272727272727,2,0.454545454545455,0.0909090909090909,0.909090909090909,1.26679618181302,0.0340724612774365,1.72727272727273,4.63636363636364,2.54545454545455,0.454545454545455,0.181818181818182,4.45454545454545,11.2727272727273,7.74545454545455,0.0727272727272727,1.21437544635892,0.0318620455271945,0.109090909090909,0.727272727272727,0.509090909090909,0.0909090909090909,0.0363636363636364,0.690909090909091
31800,4,3,5,28,0,0,3,28,0,0,1,-5.95559958711965,2,20,0,0,0,1,0.448356817476451,3.12,2,1.9,2,0,0,0.3,-0.90251229563728,-0.00645823470840696,0.3,0.2,0.2,0,0,0.2,0,2.375,0,0,0.375,-1.18418497173116,-0.00997340669346158,0.375,0.125,0.125,0,0,0.125,5,4.75,5,0,0,0.75,-2.2562807390932,-0.0161455867710174,0.75,0.5,0.5,0,0,0.5,9.33333333333333,6.33333333333333,0,-0.771407915880748,0.0224768373009283,0,0.333333333333333,0.333333333333333,0,0,0.333333333333333,2.4,3,2.4,0,0,0.4,-0.676506928680465,-0.00593885704874992,0.4,0.2,0.4,0,0,0.2,0,3.75,0,0,0.5,-0.804319223447237,-0.0112248277291656,0.5,0.25,0.25,0,0,0.25,4,5,4,0,0,0.666666666666667,-1.12751154780077,-0.00989809508124987,0.666666666666667,0.333333333333333,0.666666666666667,0,0,0.333333333333333,18,15,0,1.87198437331244,0.0712076127529144,0,1,1,0,0,1,2.4,3,2.4,0,0,0.4,-0.676506928680465,-0.00593885704874992,0.4,0.2,0.4,0,0,0.2,0,3.75,0,0,0.5,-0.804319223447237,-0.0112248277291656,0.5,0.25,0.25,0,0,0.25,4,5,4,0,0,0.666666666666667,-1.12751154780077,-0.00989809508124987,0.666666666666667,0.333333333333333,0.666666666666667,0,0,0.333333333333333,18,15,0,1.87198437331244,0.0712076127529144,0,1,1,0,0,1
32268,3,34,44,364,4,0,3,29,0,0,22,19.8133516262931,18,92,1,1,0,6,3.52610799824831,45.76,7.05882352941176,5.03921568627451,0.490196078431373,0.0784313725490196,0,0.0588235294117647,0.403271143094196,0.0110945225285915,0.0980392156862745,0.549019607843137,0.352941176470588,0.0784313725490196,0,0.470588235294118,7.12765957446809,5.46808510638298,0.0851063829787234,0,0.0638297872340425,0.410301131031681,0.0137191535244995,0.106382978723404,0.531914893617021,0.361702127659574,0.0851063829787234,0,0.468085106382979,86,51.4,19,1,0,0.6,3.84158706923043,0.190032487941758,1,7,4,1,0.2,5.8,10.7058823529412,7.55882352941176,0.117647058823529,0.928448047344764,0.0285584803645775,0.0294117647058824,0.735294117647059,0.5,0.117647058823529,0,0.647058823529412,6.73333333333333,5.33333333333333,0.466666666666667,0,0,0.0666666666666667,0.420927802167949,0.00604805747667948,0.133333333333333,0.533333333333333,0.266666666666667,0.133333333333333,0,0.533333333333333,7.23076923076923,6.15384615384615,0,0,0.0769230769230769,0.489072348610452,0.0140792509684196,0.153846153846154,0.538461538461538,0.307692307692308,0.153846153846154,0,0.538461538461538,24.75,20,1.25,0,0,0.25,1.22234871104406,0.0326397642493248,0.5,2.25,1,0.5,0,2.25,12.1111111111111,8.88888888888889,0,1.3022352165348,0.0299823499388165,0,0.777777777777778,0.444444444444444,0.222222222222222,0,0.777777777777778,6.73333333333333,5.33333333333333,0.466666666666667,0,0,0.0666666666666667,0.420927802167949,0.00604805747667948,0.133333333333333,0.533333333333333,0.266666666666667,0.133333333333333,0,0.533333333333333,7.23076923076923,6.15384615384615,0,0,0.0769230769230769,0.489072348610452,0.0140792509684196,0.153846153846154,0.538461538461538,0.307692307692308,0.153846153846154,0,0.538461538461538,26.2,16,7.4,0,0,0.2,0.784873479777853,0.0700088351964951,0.4,2,1,0.6,0.2,2,12.1111111111111,8.88888888888889,0,1.3022352165348,0.0299823499388165,0,0.777777777777778,0.444444444444444,0.222222222222222,0,0.777777777777778
32434,3,17,30,199,1,2,2,2,2,1,8,-12.3541775473619,3,4,0,0,0,0,-0.990277614444494,6.36,6.15151515151515,2.51515151515152,0.181818181818182,0.0303030303030303,0.0606060606060606,0.0606060606060606,-0.559482863680154,-0.00320472362801284,0.0909090909090909,0.333333333333333,0.212121212121212,0.151515151515152,0.0303030303030303,0.242424242424242,6.15625,2.59375,0.03125,0.0625,0.0625,-0.546020527718768,-0.00305052471795432,0.09375,0.34375,0.21875,0.15625,0.03125,0.25,101.5,41.5,3,0.5,1,1,-9.23146725072254,-0.0528779398622118,1.5,5.5,3.5,2.5,0.5,4,11.7058823529412,4.88235294117647,0.0588235294117647,0.428530501364388,0.0089284232865374,0.0588235294117647,0.647058823529412,0.411764705882353,0.294117647058824,0.0588235294117647,0.470588235294118,3.54545454545455,1.72727272727273,0.545454545454545,0.0909090909090909,0.181818181818182,0.0909090909090909,-0.677827066416909,-0.00252152670002562,0,0.272727272727273,0.0909090909090909,0,0,0.272727272727273,3.3,1.9,0.1,0.2,0.1,-0.646582011614151,-0.00195977049503963,0,0.3,0.1,0,0,0.3,19.5,9.5,3,0.5,1,0.5,-3.728048865293,-0.0138683968501409,0,1.5,0.5,0,0,1.5,7,3.8,0.2,1.006857104745,0.0172084856795329,0,0.6,0.2,0,0,0.6,3.23076923076923,1.61538461538462,0.461538461538462,0.0769230769230769,0.153846153846154,0.0769230769230769,-0.980299707930118,-0.00612412951037913,0,0.230769230769231,0.0769230769230769,0,0,0.230769230769231,3,1.75,0.0833333333333333,0.166666666666667,0.0833333333333333,-0.979468215720586,-0.00595621624042026,0,0.25,0.0833333333333333,0,0,0.25,21,10.5,3,0.5,1,0.5,-6.37194810154576,-0.0398068418174644,0,1.5,0.5,0,0,1.5,6.33333333333333,3.5,0.166666666666667,0.434559145704649,0.0143493276690479,0,0.5,0.166666666666667,0,0,0.5
32950,2,12,19,118,0,0,4,22,0,0,5,-6.75574821368931,3,0,0,0,0,0,-3.54260906367563,4.72,4.08333333333333,2.08333333333333,0.0833333333333333,0,0,0.166666666666667,-0.291885983323116,-0.00156968242663424,0.375,0.25,0.25,0.0833333333333333,0,0.208333333333333,4.17391304347826,2.17391304347826,0,0,0.173913043478261,-0.293728183203883,-0.00150488414700426,0.391304347826087,0.260869565217391,0.260869565217391,0.0869565217391304,0,0.217391304347826,49,25,1,0,0,2,-3.50263179987739,-0.0188361891196109,4.5,3,3,1,0,2.5,9.83333333333333,4.16666666666667,0,0.568238701079584,0.0033048790646717,0.25,0.5,0.5,0.166666666666667,0,0.416666666666667,4.33333333333333,3.44444444444444,0,0,0,0.222222222222222,-0.540620374882801,-0.00278320006327704,0.666666666666667,0.222222222222222,0.333333333333333,0.111111111111111,0,0.222222222222222,4.33333333333333,3.44444444444444,0,0,0.222222222222222,-0.540620374882801,-0.00278320006327704,0.666666666666667,0.222222222222222,0.333333333333333,0.111111111111111,0,0.222222222222222,19.5,15.5,0,0,0,1,-2.4327916869726,-0.0125244002847467,3,1,1.5,0.5,0,1,12.5,7.75,0,0.725534580080421,0.00278492551296949,0.75,0.5,0.75,0.25,0,0.5,4.09090909090909,2.81818181818182,0,0,0,0.272727272727273,-0.426592973898165,0.000993104005994445,0.636363636363636,0.272727272727273,0.363636363636364,0.0909090909090909,0,0.272727272727273,4.09090909090909,2.81818181818182,0,0,0.272727272727273,-0.426592973898165,0.000993104005994445,0.636363636363636,0.272727272727273,0.363636363636364,0.0909090909090909,0,0.272727272727273,22.5,15.5,0,0,0,1.5,-2.34626135643991,0.00546207203296944,3.5,1.5,2,0.5,0,1.5,12.6,6.2,0,1.14334460016107,0.0094792827963829,0.6,0.6,0.8,0.2,0,0.6
33077,8,185,286,1978,11,8,21,112,4,1,87,-7.36738597291867,13,54,1,0,0,5,4.51299245579867,116.52,6.10543130990415,3.31948881789137,0.143769968051118,0.0351437699680511,0.0255591054313099,0.0670926517571885,-0.0546093137678245,0.00369940468240026,0.150159744408946,0.4185303514377,0.236421725239617,0.0766773162939297,0.0223642172523962,0.284345047923323,6.07817589576547,3.38436482084691,0.0358306188925081,0.0260586319218241,0.0684039087947883,-0.0628091833448867,0.00350150303462074,0.153094462540717,0.413680781758958,0.237785016286645,0.0749185667752443,0.0228013029315961,0.286644951140065,240.25,129.875,7,1.5,1,2.625,-1.84617835388519,0.154119892353484,5.875,16.75,9.25,3,0.875,11.625,10.6918918918919,5.61621621621622,0.0594594594594595,0.719274300047658,0.0212392706461434,0.0756756756756757,0.686486486486486,0.394594594594595,0.124324324324324,0.0378378378378378,0.475675675675676,6.18181818181818,4.41558441558442,0,0.025974025974026,0.025974025974026,0.116883116883117,-0.217285589742971,-0.000144986251173652,0.246753246753247,0.324675324675325,0.272727272727273,0.116883116883117,0.038961038961039,0.311688311688312,6.18181818181818,4.41558441558442,0.025974025974026,0.025974025974026,0.116883116883117,-0.217285589742971,-0.000144986251173652,0.246753246753247,0.324675324675325,0.272727272727273,0.116883116883117,0.038961038961039,0.311688311688312,59.875,42.5,0.375,0.25,0.25,1.125,-2.03735484961467,0.00143613029063688,2.375,3.25,2.625,1.125,0.375,3.125,12.8048780487805,8.29268292682927,0.048780487804878,1.05672658105345,0.031517934106409,0.121951219512195,0.609756097560976,0.51219512195122,0.219512195121951,0.0731707317073171,0.585365853658537,5.91954022988506,4.24137931034483,0,0.0344827586206897,0.0344827586206897,0.103448275862069,-0.270138756178106,0.00475832255864136,0.229885057471264,0.32183908045977,0.264367816091954,0.103448275862069,0.0344827586206897,0.310344827586207,5.91954022988506,4.24137931034483,0.0344827586206897,0.0344827586206897,0.103448275862069,-0.270138756178106,0.00475832255864136,0.229885057471264,0.32183908045977,0.264367816091954,0.103448275862069,0.0344827586206897,0.310344827586207,65.25,46.125,0.875,0.375,0.375,1.125,-2.60699729492004,0.0619882253309183,2.5,3.75,2.875,1.125,0.375,3.625,12.8181818181818,8.38636363636364,0.0681818181818182,1.25830110769431,0.0403181283265346,0.113636363636364,0.636363636363636,0.522727272727273,0.204545454545455,0.0681818181818182,0.613636363636364
33106,17,390,539,4629,37,12,31,234,6,0,236,167.501689688768,35,56,0,0,0,9,-3.12486233766038,323.46,7.66881028938907,3.46302250803859,0.122186495176849,0.0627009646302251,0.0241157556270096,0.0530546623794212,0.257726295885305,0.00492750673040825,0.14951768488746,0.545016077170418,0.319935691318328,0.104501607717042,0.0337620578778135,0.421221864951768,7.7331136738056,3.54859967051071,0.0642504118616145,0.0247116968698517,0.0543657331136738,0.253254258016018,0.00481025012582398,0.153212520593081,0.542009884678748,0.326194398682043,0.107084019769357,0.0345963756177924,0.420098846787479,265.166666666667,119.666666666667,4.38888888888889,2.16666666666667,0.833333333333333,1.83333333333333,9.1199210553632,0.174812720266226,5.16666666666667,19,11.0555555555556,3.61111111111111,1.16666666666667,14.7222222222222,11.9661016949153,5.21549636803874,0.0920096852300242,0.971868795256365,0.0202672085929156,0.062953995157385,0.794188861985472,0.479418886198547,0.157384987893462,0.0508474576271186,0.617433414043584,6.56129032258065,3.78709677419355,0.148387096774194,0.0838709677419355,0.00645161290322581,0.116129032258065,0.263285112855819,0.0062767536885998,0.219354838709677,0.470967741935484,0.270967741935484,0.103225806451613,0.0451612903225806,0.451612903225806,6.62666666666667,3.91333333333333,0.0866666666666667,0.00666666666666667,0.12,0.249178058129981,0.005726699977687,0.226666666666667,0.46,0.273333333333333,0.106666666666667,0.0466666666666667,0.44,56.5555555555556,32.6111111111111,1.33333333333333,0.722222222222222,0.0555555555555555,1,2.30210788860514,0.0538637774650504,1.88888888888889,4.11111111111111,2.33333333333333,0.888888888888889,0.388888888888889,3.94444444444444,12.7865168539326,6.59550561797753,0.146067415730337,1.52294976994225,0.0330252531840702,0.0786516853932584,0.775280898876405,0.460674157303371,0.179775280898876,0.0786516853932584,0.741573033707865,6.68208092485549,3.78034682080925,0.173410404624277,0.104046242774566,0.00578034682080925,0.104046242774566,0.406421271956408,0.00648031919903854,0.219653179190751,0.497109826589595,0.277456647398844,0.104046242774566,0.0404624277456647,0.479768786127168,6.74251497005988,3.91616766467066,0.107784431137725,0.00598802395209581,0.107784431137725,0.390420659565975,0.00603196184078304,0.227544910179641,0.48502994011976,0.281437125748503,0.107784431137725,0.0419161676646707,0.467065868263473,64.5,36.3333333333333,1.94444444444444,1,0.0555555555555555,1,4.19664689035218,0.0696560216829527,2.11111111111111,4.94444444444444,2.66666666666667,1,0.388888888888889,4.77777777777778,12.4509803921569,6.41176470588235,0.176470588235294,1.71272087417342,0.0334285365380152,0.0980392156862745,0.794117647058823,0.46078431372549,0.176470588235294,0.0686274509803922,0.764705882352941
33119,7,95,161,826,2,1,18,119,3,1,41,-38.1676783554485,15,62,0,1,0,5,3.11657340975944,45.24,4.10106382978723,2.06914893617021,0.345744680851064,0.0159574468085106,0.00531914893617021,0.0957446808510638,-0.166903714025456,-0.00352762892411459,0.234042553191489,0.409574468085106,0.164893617021277,0.0372340425531915,0.0159574468085106,0.25,3.94413407821229,2.1731843575419,0.0167597765363128,0.00558659217877095,0.100558659217877,-0.207281044256034,-0.0051888157743144,0.245810055865922,0.391061452513966,0.156424581005587,0.0391061452513966,0.0167597765363128,0.23463687150838,110,55.5714285714286,9.14285714285714,0.428571428571429,0.142857142857143,2.57142857142857,-4.68639737056503,-0.109904952146419,6.28571428571429,11.1428571428571,4.42857142857143,1,0.428571428571429,6.85714285714286,8.66315789473684,4.09473684210526,0.0210526315789474,0.570665713376804,0.0168024130975949,0.0947368421052632,0.71578947368421,0.294736842105263,0.0736842105263158,0.0315789473684211,0.442105263157895,3.01449275362319,2.44927536231884,0.536231884057971,0.0144927536231884,0.0144927536231884,0.159420289855072,-0.391152076470067,0.00176340908254109,0.318840579710145,0.36231884057971,0.144927536231884,0.0144927536231884,0.0144927536231884,0.333333333333333,2.63076923076923,2.6,0.0153846153846154,0.0153846153846154,0.169230769230769,-0.490850338234668,-0.00142878128004385,0.338461538461538,0.323076923076923,0.123076923076923,0.0153846153846154,0.0153846153846154,0.292307692307692,30,24.1428571428571,5.57142857142857,0.142857142857143,0.142857142857143,1.57142857142857,-3.83629514278307,0.00936798270358876,3.14285714285714,3.71428571428571,1.42857142857143,0.142857142857143,0.142857142857143,3.42857142857143,8.68965517241379,5.82758620689655,0,0.890247029087192,0.0429666016636224,0.0689655172413793,0.689655172413793,0.275862068965517,0.0344827586206897,0.0344827586206897,0.655172413793103,2.95833333333333,2.36111111111111,0.513888888888889,0.0277777777777778,0.0138888888888889,0.152777777777778,-0.406591303687467,-0.00178057811164082,0.319444444444444,0.361111111111111,0.138888888888889,0.0138888888888889,0.0138888888888889,0.333333333333333,2.58823529411765,2.5,0.0294117647058824,0.0147058823529412,0.161764705882353,-0.502799302563477,-0.00504040638141654,0.338235294117647,0.323529411764706,0.117647058823529,0.0147058823529412,0.0147058823529412,0.294117647058824,30.7142857142857,24.2857142857143,5.57142857142857,0.285714285714286,0.142857142857143,1.57142857142857,-4.16273522693492,-0.0263287102583361,3.28571428571429,3.85714285714286,1.42857142857143,0.142857142857143,0.142857142857143,3.57142857142857,8.56666666666667,5.66666666666667,0.0333333333333333,0.970545453589323,0.0428542744529143,0.0666666666666667,0.7,0.266666666666667,0.0333333333333333,0.0333333333333333,0.666666666666667
33319,4,2,2,38,0,0,0,0,0,0,2,4.86872562265489,3,-2,0,0,0,0,0,1.32,19,12,0,0,0,0,2.43436281132745,0.0460166335105896,0.5,1,1,0.5,0,1,19,12,0,0,0,2.43436281132745,0.0460166335105896,0.5,1,1,0.5,0,1,19,12,0,0,0,0,2.43436281132745,0.0460166335105896,0.5,1,1,0.5,0,1,19,12,0,2.43436281132745,0.0460166335105896,0.5,1,1,0.5,0,1,19,12,0,0,0,0,2.43436281132745,0.0460166335105896,0.5,1,1,0.5,0,1,19,12,0,0,0,2.43436281132745,0.0460166335105896,0.5,1,1,0.5,0,1,19,12,0,0,0,0,2.43436281132745,0.0460166335105896,0.5,1,1,0.5,0,1,19,12,0,2.43436281132745,0.0460166335105896,0.5,1,1,0.5,0,1,19,12,0,0,0,0,2.43436281132745,0.0460166335105896,0.5,1,1,0.5,0,1,19,12,0,0,0,2.43436281132745,0.0460166335105896,0.5,1,1,0.5,0,1,19,12,0,0,0,0,2.43436281132745,0.0460166335105896,0.5,1,1,0.5,0,1,19,12,0,2.43436281132745,0.0460166335105896,0.5,1,1,0.5,0,1
33537,7,137,216,1148,5,3,33,191,3,2,49,-62.5942760071116,31,148,1,2,1,8,-1.84504060617721,76.72,4.02583025830258,2.04428044280443,0.487084870848708,0.018450184501845,0.011070110701107,0.121771217712177,-0.206525363351394,-0.00351717753799131,0.25830258302583,0.346863468634686,0.177121771217712,0.040590405904059,0.00738007380073801,0.210332103321033,3.836,2.216,0.02,0.012,0.132,-0.246165104028447,-0.00388996717954054,0.28,0.336,0.18,0.044,0.008,0.208,158.285714285714,79.1428571428571,21.2857142857143,0.857142857142857,0.428571428571429,4.71428571428571,-9.05518808761269,-0.17130413874223,10,13.8571428571429,6.85714285714286,1.57142857142857,0.285714285714286,8.57142857142857,8.37956204379562,4.04379562043796,0.0364963503649635,0.524048676248949,0.0144945375619687,0.102189781021898,0.605839416058394,0.328467153284672,0.0802919708029197,0.0145985401459854,0.37956204379562,3.25373134328358,1.73134328358209,0.671641791044776,0,0,0.194029850746269,-0.364382036606427,-0.0028176234842629,0.328358208955224,0.238805970149254,0.194029850746269,0.0298507462686567,0,0.194029850746269,2.88333333333333,1.93333333333333,0,0,0.216666666666667,-0.378085300429053,-0.00345587784759118,0.366666666666667,0.25,0.2,0.0333333333333333,0,0.2,33.4285714285714,16.5714285714286,8.71428571428571,0,0,1.85714285714286,-3.55109597018421,-0.0210871382504203,3.14285714285714,2.57142857142857,1.85714285714286,0.285714285714286,0,2.14285714285714,8.93103448275862,4,0,0.684676801952878,0.0226963480722745,0.103448275862069,0.517241379310345,0.413793103448276,0.0689655172413793,0,0.413793103448276,3.30263157894737,1.59210526315789,0.881578947368421,0.0131578947368421,0,0.210526315789474,-0.325647508357637,-0.00874080121982677,0.342105263157895,0.263157894736842,0.210526315789474,0.0263157894736842,0,0.223684210526316,2.74626865671642,1.80597014925373,0.0149253731343284,0,0.238805970149254,-0.428674893973128,-0.0102107291563513,0.388059701492537,0.253731343283582,0.208955223880597,0.0298507462686567,0,0.208955223880597,38.1428571428571,17.2857142857143,11.8571428571429,0.142857142857143,0,2.28571428571429,-3.59904085340561,-0.089018583859166,3.71428571428571,3.14285714285714,2.28571428571429,0.285714285714286,0,2.71428571428571,9.12903225806452,3.90322580645161,0.032258064516129,0.877740666171167,0.0241604172652478,0.0967741935483871,0.548387096774194,0.451612903225806,0.0645161290322581,0,0.451612903225806
33662,12,187,308,1844,12,5,13,95,2,1,92,-23.9175155134533,26,18,0,7,2,5,-18.166565412989,109.56,5.42461538461538,2.77538461538462,0.0369230769230769,0.0430769230769231,0.0153846153846154,0.04,-0.104147390735228,-0.00115332042510246,0.0984615384615385,0.406153846153846,0.233846153846154,0.0615384615384615,0.0215384615384615,0.292307692307692,5.45482866043614,2.80996884735203,0.043613707165109,0.0155763239875389,0.0404984423676012,-0.101521299297465,-0.00103689598591076,0.0996884735202492,0.411214953271028,0.236760124610592,0.0623052959501558,0.0218068535825545,0.29595015576324,161.636363636364,82,2.45454545454545,1.27272727272727,0.454545454545455,1.18181818181818,-4.08233623207938,-0.0510083329224146,2.90909090909091,12.5454545454545,6.90909090909091,1.81818181818182,0.636363636363636,9.09090909090909,9.86096256684492,4.82352941176471,0.0641711229946524,0.619961473441401,0.015337221487856,0.0427807486631016,0.695187165775401,0.406417112299465,0.106951871657754,0.0374331550802139,0.508021390374332,5.82558139534884,3.48837209302326,0.0232558139534884,0.0697674418604651,0.0348837209302326,0.0581395348837209,-0.268577084525648,-0.00485891029766328,0.151162790697674,0.348837209302326,0.244186046511628,0.104651162790698,0.0465116279069767,0.325581395348837,5.87058823529412,3.52941176470588,0.0705882352941176,0.0352941176470588,0.0588235294117647,-0.263078127666002,-0.00461454702308095,0.152941176470588,0.352941176470588,0.247058823529412,0.105882352941176,0.0470588235294118,0.329411764705882,46.1818181818182,27.2727272727273,0.818181818181818,0.545454545454545,0.272727272727273,0.454545454545455,-2.29508076633308,-0.0433145383827744,1.18181818181818,3.09090909090909,1.90909090909091,0.818181818181818,0.363636363636364,2.90909090909091,13.3414634146341,7.31707317073171,0.121951219512195,1.21071126445248,0.0291895578076513,0.024390243902439,0.707317073170732,0.51219512195122,0.219512195121951,0.0975609756097561,0.682926829268293,5.61702127659574,3.46808510638298,0.0212765957446809,0.074468085106383,0.0425531914893617,0.0638297872340425,-0.337516174506463,-0.00429830519143848,0.170212765957447,0.340425531914894,0.24468085106383,0.106382978723404,0.0425531914893617,0.319148936170213,5.65591397849462,3.50537634408602,0.0752688172043011,0.043010752688172,0.0645161290322581,-0.333231526731312,-0.00406893440169953,0.172043010752688,0.344086021505376,0.247311827956989,0.10752688172043,0.043010752688172,0.32258064516129,48.8181818181818,29.6363636363636,1,0.636363636363636,0.363636363636364,0.545454545454545,-2.89542282603154,-0.0348056744062934,1.45454545454545,3.36363636363636,2.09090909090909,0.909090909090909,0.363636363636364,3.18181818181818,13.4883720930233,7.58139534883721,0.13953488372093,1.29917206472457,0.0297715165406899,0.0465116279069767,0.72093023255814,0.534883720930233,0.232558139534884,0.0930232558139535,0.697674418604651
33869,8,19,26,179,2,0,0,0,0,0,7,9.71651024231414,17,1,0,1,0,1,-12.0889061881428,15.26,6.92592592592593,1.11111111111111,0.296296296296296,0.0740740740740741,0,0,0.366966927917659,0.0030939023860027,0.037037037037037,0.407407407407407,0.185185185185185,0.0740740740740741,0.037037037037037,0.259259259259259,6.88461538461539,1.15384615384615,0.0769230769230769,0,0,0.373711932396698,0.00337209461411107,0.0384615384615385,0.384615384615385,0.192307692307692,0.0769230769230769,0.0384615384615385,0.269230769230769,38.2,6,2.4,0.4,0,0,0.930283215735245,0.00144665065464771,0.2,2.4,1,0.4,0.2,1.6,9.42105263157895,1.57894736842105,0.105263157894737,0.761201031366526,0.0136540313060119,0,0.526315789473684,0.263157894736842,0.105263157894737,0.0526315789473684,0.368421052631579,11.6666666666667,1.33333333333333,0,0.111111111111111,0,0,0.677621046808477,0.00402074702530323,0,0.333333333333333,0.222222222222222,0.222222222222222,0.111111111111111,0.333333333333333,11.6666666666667,1.33333333333333,0.111111111111111,0,0,0.677621046808477,0.00402074702530323,0,0.333333333333333,0.222222222222222,0.222222222222222,0.111111111111111,0.333333333333333,21.8,2.4,0.8,0.2,0,0,0.869851937092745,0.00536856617836747,0,0.8,0.4,0.4,0.2,0.8,17.5,2,0.166666666666667,1.33797789391201,0.0154419952305034,0,0.5,0.333333333333333,0.333333333333333,0.166666666666667,0.5,10.7,1.3,0,0.2,0,0,0.997459112692467,0.0161641920640772,0,0.4,0.2,0.2,0.1,0.4,10.7,1.3,0.2,0,0,0.997459112692467,0.0161641920640772,0,0.4,0.2,0.2,0.1,0.4,22.2,2.6,0.8,0.4,0,0,0.94358003036482,0.0170679618983876,0,1,0.4,0.4,0.2,1,15.2857142857143,1.85714285714286,0.285714285714286,1.70055272416006,0.0311581669708662,0,0.571428571428571,0.285714285714286,0.285714285714286,0.142857142857143,0.571428571428571
33873,16,392,581,3928,26,11,36,239,1,0,214,73.027359260348,58,307,2,1,0,22,24.3132669498047,282.02,6.19502617801047,2.58900523560209,0.548429319371728,0.0458115183246073,0.0170157068062827,0.0615183246073298,0.142931112432,0.00602562070833672,0.170157068062827,0.5,0.268324607329843,0.0680628272251309,0.0287958115183246,0.361256544502618,6.04201680672269,2.7703081232493,0.0448179271708683,0.0182072829131653,0.0658263305322129,0.0959164699091297,0.0046202661719738,0.182072829131653,0.484593837535014,0.266106442577031,0.0700280112044818,0.0280112044817927,0.34733893557423,249.789473684211,104.105263157895,22.7368421052632,1.89473684210526,0.68421052631579,2.47368421052632,5.60221369358872,0.241795164100711,6.8421052631579,20.2105263157895,10.8421052631579,2.73684210526316,1.15789473684211,14.6315789473684,10.3064876957494,4.42505592841163,0.0693512304250559,0.8109294133507,0.0241257435518457,0.0805369127516778,0.769574944071588,0.425055928411633,0.111856823266219,0.0447427293064877,0.554809843400447,5.8695652173913,3.1207729468599,0.792270531400966,0.072463768115942,0.00966183574879227,0.101449275362319,0.253033249143268,0.0114605423196616,0.265700483091787,0.497584541062802,0.304347826086957,0.0676328502415459,0.0289855072463768,0.473429951690821,5.68108108108108,3.49189189189189,0.0756756756756757,0.0108108108108108,0.113513513513514,0.180746154127576,0.00996214756909796,0.297297297297297,0.475675675675676,0.302702702702703,0.0756756756756757,0.0324324324324324,0.454054054054054,63.9473684210526,34,8.63157894736842,0.789473684210526,0.105263157894737,1.10526315789474,2.75673066171876,0.124859592640524,2.89473684210526,5.42105263157895,3.31578947368421,0.736842105263158,0.31578947368421,5.1578947368421,11.5673076923077,6.21153846153846,0.125,1.51158023540011,0.0465905514333966,0.105769230769231,0.846153846153846,0.538461538461538,0.134615384615385,0.0576923076923077,0.807692307692308,5.77570093457944,3.02803738317757,0.799065420560748,0.0794392523364486,0.014018691588785,0.0981308411214953,0.273580561776384,0.0125445544817549,0.271028037383178,0.5,0.299065420560748,0.0654205607476635,0.0280373831775701,0.476635514018692,5.60526315789474,3.41052631578947,0.0789473684210526,0.0157894736842105,0.110526315789474,0.182970844279726,0.0106764340178081,0.305263157894737,0.473684210526316,0.3,0.0736842105263158,0.0315789473684211,0.452631578947368,65.0526315789474,34.1052631578947,9,0.894736842105263,0.157894736842105,1.10526315789474,3.08138106421822,0.141291297847134,3.05263157894737,5.63157894736842,3.36842105263158,0.736842105263158,0.31578947368421,5.36842105263158,11.4811320754717,6.11320754716981,0.132075471698113,1.54367740196261,0.0478091360745063,0.113207547169811,0.849056603773585,0.537735849056604,0.132075471698113,0.0566037735849057,0.811320754716981
33949,2,32,47,361,2,2,2,28,1,0,18,5.55747983542185,9,24,2,1,1,2,-2.7943142913864,30.84,6.8235294117647,5.09803921568627,0.294117647058824,0.0588235294117647,0.0392156862745098,0.0392156862745098,0.142987000665533,0.00483426814960007,0.0980392156862745,0.509803921568627,0.352941176470588,0.0980392156862745,0.0392156862745098,0.372549019607843,6.9375,5.41666666666667,0.0416666666666667,0.0416666666666667,0.0416666666666667,0.126776432255629,0.00627576161906635,0.104166666666667,0.520833333333333,0.375,0.104166666666667,0.0416666666666667,0.375,179,130,12.5,2,1,1,1.64547722844189,0.0623724044939989,2.5,14.5,9,2.5,1,10,11.28125,8.125,0.0625,0.914420152592356,0.0209788542105986,0.0625,0.78125,0.5625,0.15625,0.0625,0.5625,5.33333333333333,4.16666666666667,0.25,0.0833333333333333,0.166666666666667,0,-0.17904077410026,0.000162715658818248,0,0.416666666666667,0.166666666666667,0.0833333333333333,0,0.416666666666667,5.54545454545455,4.54545454545455,0.0909090909090909,0.181818181818182,0,-0.115390618520825,0.00290703632102724,0,0.454545454545455,0.181818181818182,0.0909090909090909,0,0.454545454545455,32.5,25,2,1,1,0,-0.502107024272402,0.0172348986860961,0,3,1,0.5,0,3,10.1666666666667,8.33333333333333,0.166666666666667,1.65141643836978,0.0367613377824914,0,0.833333333333333,0.333333333333333,0.166666666666667,0,0.833333333333333,4.92307692307692,3.84615384615385,0.230769230769231,0.0769230769230769,0.153846153846154,0,-0.352773071686409,-8.62356490588523e-05,0.0769230769230769,0.384615384615385,0.153846153846154,0.0769230769230769,0,0.384615384615385,5.08333333333333,4.16666666666667,0.0833333333333333,0.166666666666667,0,-0.308904787204106,0.00240864568230963,0.0833333333333333,0.416666666666667,0.166666666666667,0.0833333333333333,0,0.416666666666667,32.5,25,2,1,1,0,-1.7208873456325,0.0156980730143041,0.5,3,1,0.5,0,3,10.1666666666667,8.33333333333333,0.166666666666667,1.65141643836978,0.0367613377824914,0,0.833333333333333,0.333333333333333,0.166666666666667,0,0.833333333333333
34177,3,27,50,276,1,1,2,11,0,0,11,-14.4879114205251,3,9,0,0,0,1,0.649375770881306,13.94,5.18867924528302,2.35849056603774,0.188679245283019,0.0188679245283019,0.0188679245283019,0.0377358490566038,-0.257143360043147,-0.00235895710445517,0.169811320754717,0.377358490566038,0.226415094339623,0.0566037735849057,0.0188679245283019,0.226415094339623,5.19607843137255,2.45098039215686,0.0196078431372549,0.0196078431372549,0.0392156862745098,-0.279960271630747,-0.00301358129164458,0.176470588235294,0.352941176470588,0.235294117647059,0.0588235294117647,0.0196078431372549,0.215686274509804,91.6666666666667,41.6666666666667,3.33333333333333,0.333333333333333,0.333333333333333,0.666666666666667,-4.54286602742892,-0.0416749088453747,3,6.66666666666667,4,1,0.333333333333333,4,10.2222222222222,4.62962962962963,0.037037037037037,0.737102386724911,0.00777815609810126,0.037037037037037,0.666666666666667,0.444444444444444,0.111111111111111,0.037037037037037,0.407407407407407,4.83333333333333,3.08333333333333,0.333333333333333,0,0,0,-0.420067988990922,0.000833932383102365,0.166666666666667,0.333333333333333,0.166666666666667,0.0833333333333333,0,0.25,4.90909090909091,3.36363636363636,0,0,0,-0.484119591091505,-0.00161289212569086,0.181818181818182,0.272727272727273,0.181818181818182,0.0909090909090909,0,0.181818181818182,19.3333333333333,12.3333333333333,1.33333333333333,0,0,0,-1.68027195596369,0.00333572953240946,0.666666666666667,1.33333333333333,0.666666666666667,0.333333333333333,0,1,13.5,9.25,0,1.2458413195418,0.020737258673762,0,0.75,0.5,0.25,0,0.5,4.5,3.33333333333333,0.222222222222222,0.0555555555555556,0,0,-0.70197361747786,-0.00844596495001715,0.166666666666667,0.277777777777778,0.166666666666667,0.111111111111111,0,0.222222222222222,4.52941176470588,3.52941176470588,0.0588235294117647,0,0,-0.76000145580688,-0.0105750806517727,0.176470588235294,0.235294117647059,0.176470588235294,0.117647058823529,0,0.176470588235294,27,20,1.33333333333333,0.333333333333333,0,0,-4.21184170486716,-0.0506757897001029,1,1.66666666666667,1,0.666666666666667,0,1.33333333333333,15.4,12,0.2,1.89367388981627,0.0167114657055239,0,0.8,0.6,0.4,0,0.6
34401,1,3,11,28,0,0,0,0,0,0,1,-7.15286629885668,0,0,0,0,0,0,0,1.12,2.54545454545455,-0.363636363636364,0,0,0,0,-0.650260572623334,-0.0196121666919101,0.0909090909090909,0.181818181818182,0.181818181818182,0,0,0.0909090909090909,2.54545454545455,-0.363636363636364,0,0,0,-0.650260572623334,-0.0196121666919101,0.0909090909090909,0.181818181818182,0.181818181818182,0,0,0.0909090909090909,28,-4,0,0,0,0,-7.15286629885668,-0.215733833611012,1,2,2,0,0,1,9.33333333333333,-1.33333333333333,0,-0.170565790729597,0.0203024397293727,0,0.666666666666667,0.666666666666667,0,0,0.333333333333333,5,-0.2,0,0,0,0,-0.159212101460434,-0.00748362988233566,0,0.4,0.4,0,0,0.2,5,-0.2,0,0,0,-0.159212101460434,-0.00748362988233566,0,0.4,0.4,0,0,0.2,25,-1,0,0,0,0,-0.796060507302172,-0.0374181494116783,0,2,2,0,0,1,12.5,-0.5,0,0.955330706317909,0.0598140805959702,0,1,1,0,0,0.5,4,-0.571428571428571,0,0,0,0,-0.765580091068322,-0.0204659327864647,0.142857142857143,0.285714285714286,0.285714285714286,0,0,0.142857142857143,4,-0.571428571428571,0,0,0,-0.765580091068322,-0.0204659327864647,0.142857142857143,0.285714285714286,0.285714285714286,0,0,0.142857142857143,28,-4,0,0,0,0,-5.35906063747825,-0.143261529505253,1,2,2,0,0,1,9.33333333333333,-1.33333333333333,0,-0.170565790729597,0.0203024397293727,0,0.666666666666667,0.666666666666667,0,0,0.333333333333333
34577,1,1,1,19,0,0,0,0,0,0,1,1.43255293625407,0,0,0,0,0,0,0,0.76,19,13,0,0,0,0,1.43255293625407,0.0655737221240997,0,1,1,0,0,1,19,13,0,0,0,1.43255293625407,0.0655737221240997,0,1,1,0,0,1,19,13,0,0,0,0,1.43255293625407,0.0655737221240997,0,1,1,0,0,1,19,13,0,1.43255293625407,0.0655737221240997,0,1,1,0,0,1,NA,NA,NA,NA,NA,NA,NA,NA,NA,NA,NA,NA,NA,NA,NA,NA,NA,NA,NA,NA,NA,NA,NA,NA,NA,NA,NA,NA,NA,NA,NA,NA,NA,NA,NA,NA,NA,NA,NA,NA,NA,NA,NA,NA,NA,NA,NA,NA,NA,NA,NA,NA,NA,NA,NA,NA,NA,NA,NA,NA,NA,NA,NA,NA,NA,NA,NA,NA,NA,NA,NA,NA,NA,NA,NA,NA,NA,NA,NA,NA,NA,NA,NA,NA,NA,NA,NA,NA,NA,NA,NA,NA,NA,NA,NA,NA,NA,NA,NA,NA,NA,NA,NA,NA
34771,8,146,228,1530,9,9,11,71,2,0,78,-1.93614114649023,25,106,1,3,1,13,4.98898655295005,95.8,6.216,3.496,0.372,0.04,0.036,0.044,0.0160889950963602,0.00107756545176205,0.136,0.484,0.256,0.072,0.02,0.34,6.16455696202532,3.68776371308017,0.0379746835443038,0.0379746835443038,0.0464135021097046,-0.0248840845563374,0.000270745099838462,0.143459915611814,0.472573839662447,0.253164556962025,0.0759493670886076,0.0210970464135021,0.329113924050633,196,109.25,13.375,1.25,1.125,1.375,-0.11356768586274,0.0365425004971812,4.25,15.75,8,2.25,0.625,11.375,10.4794520547945,5.98630136986301,0.0616438356164384,0.759139560474879,0.0156516237663059,0.047945205479452,0.753424657534247,0.410958904109589,0.123287671232877,0.0342465753424658,0.534246575342466,4.76190476190476,2.84126984126984,0.412698412698413,0.0634920634920635,0.0476190476190476,0.0476190476190476,-0.217968264873129,0.00191680426171019,0.142857142857143,0.365079365079365,0.19047619047619,0.0317460317460317,0.0317460317460317,0.365079365079365,4.56666666666667,2.98333333333333,0.0666666666666667,0.05,0.05,-0.278188606191912,0.000281622896682458,0.15,0.35,0.183333333333333,0.0333333333333333,0.0333333333333333,0.35,38.375,22.375,4.125,0.5,0.375,0.375,-1.87308594698671,0.0354653525485889,1.125,3.375,1.5,0.25,0.25,3.375,9.375,5.59375,0.125,0.997295418596368,0.026345017864657,0.0625,0.65625,0.34375,0.0625,0.0625,0.65625,4.57971014492754,2.66666666666667,0.478260869565217,0.0579710144927536,0.0434782608695652,0.0434782608695652,-0.198447617248656,0.00237674677725394,0.144927536231884,0.376811594202899,0.173913043478261,0.0289855072463768,0.0289855072463768,0.376811594202899,4.421875,2.875,0.0625,0.046875,0.046875,-0.327039948341172,-8.35707037791268e-05,0.15625,0.34375,0.171875,0.03125,0.03125,0.34375,40.625,23,5.25,0.5,0.375,0.375,-1.60261070236421,0.0421692039438756,1.25,3.875,1.5,0.25,0.25,3.875,9.36363636363636,5.57575757575758,0.121212121212121,1.02951253307705,0.0265196898537237,0.0606060606060606,0.666666666666667,0.333333333333333,0.0606060606060606,0.0606060606060606,0.666666666666667
34796,17,316,474,4172,41,4,23,149,4,1,198,174.172611656018,139,915,4,6,4,46,10.5999331872173,430.38,8.21105527638191,3.92964824120603,0.793969849246231,0.0753768844221105,0.0083752093802345,0.0435510887772194,0.341036659680254,0.00617501256659451,0.0988274706867672,0.525963149078727,0.351758793969849,0.115577889447236,0.0351758793969849,0.408710217755444,8.13970588235294,4.3125,0.0827205882352941,0.00919117647058824,0.0477941176470588,0.326953264165215,0.00587577826379845,0.108455882352941,0.514705882352941,0.349264705882353,0.117647058823529,0.0367647058823529,0.404411764705882,287.315789473684,123.473684210526,55.2105263157895,2.57894736842105,0.263157894736842,1.36842105263158,10.9763594134482,0.180481188002537,3.10526315789474,19.0526315789474,12.0526315789474,3.78947368421053,1.21052631578947,14.5789473684211,13.1457142857143,6.70285714285714,0.128571428571429,1.10502400444038,0.0264985851805935,0.0371428571428571,0.8,0.542857142857143,0.182857142857143,0.0571428571428571,0.628571428571429,7.66,3.45333333333333,0.713333333333333,0.0866666666666667,0,0.04,0.365329248207684,0.00865395989891215,0.146666666666667,0.466666666666667,0.34,0.0933333333333333,0.02,0.433333333333333,7.49640287769784,3.72661870503597,0.0935251798561151,0,0.0431654676258993,0.357245817742194,0.00879448807712643,0.158273381294964,0.460431654676259,0.338129496402878,0.0935251798561151,0.0143884892086331,0.424460431654676,66.421052631579,27.2631578947368,11.5789473684211,0.68421052631579,0,0.31578947368421,3.57770126269947,0.0843049246132628,1.15789473684211,4.42105263157895,2.89473684210526,0.789473684210526,0.210526315789474,4.1578947368421,12.8235294117647,6.09411764705882,0.152941176470588,1.40893614102358,0.0383186239530291,0.0823529411764706,0.752941176470588,0.552941176470588,0.152941176470588,0.0235294117647059,0.694117647058824,7.35031847133758,3.31847133757962,0.681528662420382,0.089171974522293,0,0.0382165605095541,0.280750196752092,0.00538701641487301,0.152866242038217,0.452229299363057,0.32484076433121,0.089171974522293,0.0191082802547771,0.420382165605096,7.17123287671233,3.56849315068493,0.0958904109589041,0,0.0410958904109589,0.266681933733498,0.00527466736314256,0.164383561643836,0.445205479452055,0.321917808219178,0.089041095890411,0.0136986301369863,0.410958904109589,66.9473684210526,27.421052631579,12.8947368421053,0.736842105263158,0,0.31578947368421,3.01070310993868,0.0556984705802503,1.26315789473684,4.47368421052632,2.89473684210526,0.789473684210526,0.210526315789474,4.26315789473684,12.5862068965517,5.98850574712644,0.160919540229885,1.39267354394379,0.0367605608203086,0.0804597701149425,0.747126436781609,0.540229885057471,0.149425287356322,0.0229885057471264,0.689655172413793
34855,17,407,570,4500,41,16,40,248,4,1,224,116.229628282182,60,378,3,7,1,24,6.79403291649298,365.8,7.12850812407681,3.19793205317578,0.574593796159527,0.0649926144756278,0.0236336779911374,0.0605612998522895,0.205575751633964,0.00480686691347607,0.085672082717873,0.525849335302807,0.317577548005908,0.0945347119645495,0.0280649926144756,0.382570162481536,7.03169572107765,3.4310618066561,0.0681458003169572,0.0253565768621236,0.0649762282091918,0.191488929123045,0.00431078576666792,0.0919175911251981,0.519809825673534,0.309033280507132,0.098256735340729,0.0301109350237718,0.377179080824089,269.444444444444,120.277777777778,22.9444444444444,2.55555555555556,0.888888888888889,2.27777777777778,7.00691059850339,0.154753052719469,3.22222222222222,20,12,3.55555555555556,1.05555555555556,14.6111111111111,11.1018957345972,5.1303317535545,0.101895734597156,0.891675638297843,0.022675607052483,0.023696682464455,0.774881516587678,0.462085308056872,0.146919431279621,0.0450236966824645,0.563981042654028,7.43243243243243,3.36216216216216,1.10810810810811,0.0648648648648649,0.0324324324324324,0.0810810810810811,0.23854537644152,0.00580744316939209,0.108108108108108,0.497297297297297,0.356756756756757,0.113513513513514,0.0216216216216216,0.475675675675676,7.17791411042945,3.8159509202454,0.0736196319018405,0.0368098159509202,0.0920245398773006,0.223310433731335,0.00464231910403252,0.122699386503067,0.496932515337423,0.337423312883436,0.116564417177914,0.0245398773006135,0.466257668711656,76.6111111111111,34.5555555555556,11.6111111111111,0.666666666666667,0.333333333333333,0.833333333333333,2.31357722261833,0.0507619671199517,1.11111111111111,5.16666666666667,3.66666666666667,1.16666666666667,0.222222222222222,4.94444444444444,12.56,6.22,0.12,1.43375229249933,0.0361594860812061,0.04,0.81,0.55,0.19,0.04,0.76,7.45263157894737,3.47368421052632,1.07894736842105,0.0631578947368421,0.0315789473684211,0.0842105263157895,0.221622889577463,0.00658396228056641,0.110526315789474,0.494736842105263,0.352631578947368,0.115789473684211,0.0263157894736842,0.473684210526316,7.20833333333333,3.92857142857143,0.0714285714285714,0.0357142857142857,0.0952380952380952,0.204625327834788,0.00555520155313918,0.125,0.494047619047619,0.333333333333333,0.119047619047619,0.0297619047619048,0.464285714285714,79.0555555555556,36.6666666666667,11.7777777777778,0.722222222222222,0.333333333333333,0.888888888888889,2.45371182786757,0.0652677563313253,1.16666666666667,5.38888888888889,3.72222222222222,1.22222222222222,0.277777777777778,5.16666666666667,12.7156862745098,6.47058823529412,0.117647058823529,1.47367209385087,0.0386684705482621,0.0392156862745098,0.813725490196078,0.549019607843137,0.196078431372549,0.0490196078431373,0.764705882352941
34857,16,307,483,3731,28,6,14,63,5,2,173,129.055072795865,102,531,12,0,0,51,57.0055015092627,372.34,7.4236220472441,3.21259842519685,0.674015748031496,0.0551181102362205,0.0094488188976378,0.0299212598425197,0.296915064711263,0.00627174444890489,0.100787401574803,0.497637795275591,0.28503937007874,0.105511811023622,0.0425196850393701,0.348031496062992,7.31399317406143,3.48122866894198,0.0546075085324232,0.0102389078498294,0.0324232081911263,0.259008497860833,0.00522417502140905,0.109215017064846,0.486348122866894,0.281569965870307,0.107508532423208,0.0443686006825939,0.341296928327645,259.578947368421,107.368421052632,34,2.42105263157895,0.31578947368421,1,11.4219776303797,0.250682999646764,3.36842105263158,19,9.68421052631579,3.57894736842105,1.42105263157895,14.1052631578947,11.9643835616438,5.58904109589041,0.0876712328767123,0.993349306180178,0.0229287839036835,0.0383561643835616,0.764383561643836,0.452054794520548,0.172602739726027,0.0712328767123288,0.545205479452055,7.5609756097561,4.27439024390244,0.469512195121951,0.0670731707317073,0.0121951219512195,0.0426829268292683,0.258079489560732,0.00573311020579965,0.158536585365854,0.439024390243902,0.274390243902439,0.140243902439024,0.0609756097560976,0.402439024390244,7.50322580645161,4.52258064516129,0.0709677419354839,0.0129032258064516,0.0451612903225806,0.235267613902233,0.00553649428612526,0.167741935483871,0.432258064516129,0.270967741935484,0.141935483870968,0.0645161290322581,0.4,70.0526315789474,36.8947368421053,8.8421052631579,0.68421052631579,0.105263157894737,0.368421052631579,2.68040606439766,0.067605533141204,1.36842105263158,4.94736842105263,2.36842105263158,1.21052631578947,0.526315789473684,4.68421052631579,14.3734939759036,8.44578313253012,0.132530120481928,1.56842265461792,0.0360657718099974,0.0843373493975904,0.771084337349398,0.506024096385542,0.265060240963855,0.120481927710843,0.734939759036145,8.06214689265537,4.24858757062147,0.610169491525424,0.096045197740113,0.0169491525423729,0.0395480225988701,0.407025227256813,0.00942336584020371,0.152542372881356,0.463276836158192,0.293785310734463,0.152542372881356,0.0677966101694915,0.429378531073446,7.94578313253012,4.53012048192771,0.0963855421686747,0.0180722891566265,0.0421686746987952,0.35414089767426,0.0083733394426239,0.162650602409639,0.451807228915663,0.289156626506024,0.150602409638554,0.072289156626506,0.421686746987952,81.6315789473684,39.5789473684211,12.2105263157895,1,0.157894736842105,0.368421052631579,4.98530446078937,0.128549225678556,1.42105263157895,6,2.73684210526316,1.42105263157895,0.631578947368421,5.78947368421053,14.8241758241758,8.26373626373626,0.175824175824176,1.7920781835157,0.04199591211691,0.0769230769230769,0.791208791208791,0.527472527472527,0.274725274725275,0.131868131868132,0.758241758241758
34869,17,361,545,4319,35,12,48,335,5,2,207,50.5747506713731,67,212,1,3,2,23,-3.14387613588594,307.96,6.52678571428571,4.03571428571429,0.355654761904762,0.056547619047619,0.0193452380952381,0.0848214285714286,0.0370918031450405,0.00399246202453229,0.162202380952381,0.485119047619048,0.275297619047619,0.0967261904761905,0.0282738095238095,0.351190476190476,6.44945567651633,4.21772939346812,0.0590979782270607,0.0202177293934681,0.088646967340591,0.0100167498156455,0.00345871572480039,0.169517884914463,0.475894245723173,0.272161741835148,0.101088646967341,0.0295489891135303,0.342146189735614,244.444444444444,150.666666666667,14.0555555555556,2.16666666666667,0.722222222222222,3.16666666666667,0.933384645292015,0.142361389882451,6.05555555555556,18.7222222222222,10.2777777777778,3.61111111111111,1.05555555555556,13.7777777777778,11.8238341968912,7.0259067357513,0.0932642487046632,0.935210891175249,0.0262734758330518,0.0492227979274611,0.790155440414508,0.453367875647668,0.16839378238342,0.0492227979274611,0.569948186528497,5.63978494623656,4.43548387096774,0.317204301075269,0.0537634408602151,0.021505376344086,0.0967741935483871,-0.0911067132053909,0.00160414252679883,0.193548387096774,0.408602150537634,0.258064516129032,0.0645161290322581,0.032258064516129,0.376344086021505,5.5,4.58333333333333,0.0555555555555556,0.0222222222222222,0.1,-0.110608537565569,0.00131683564651061,0.2,0.405555555555556,0.255555555555556,0.0666666666666667,0.0333333333333333,0.372222222222222,59,45.8333333333333,4,0.555555555555556,0.222222222222222,1,-0.744248777034307,0.0218293404837167,2,4.61111111111111,2.66666666666667,0.666666666666667,0.333333333333333,4.27777777777778,12.195652173913,8.96739130434783,0.0978260869565217,1.38371443564698,0.0370925498923844,0.0652173913043478,0.793478260869565,0.5,0.130434782608696,0.0652173913043478,0.728260869565217,5.35858585858586,4.25757575757576,0.297979797979798,0.0555555555555556,0.0252525252525253,0.095959595959596,-0.172771448934884,0.00160955361116783,0.196969696969697,0.398989898989899,0.247474747474747,0.0606060606060606,0.0303030303030303,0.368686868686869,5.21875,4.390625,0.0572916666666667,0.0260416666666667,0.0989583333333333,-0.193606432264097,0.00134037250728417,0.203125,0.395833333333333,0.244791666666667,0.0625,0.03125,0.364583333333333,59.8888888888889,46.8333333333333,4.22222222222222,0.611111111111111,0.277777777777778,1.05555555555556,-1.3910409473996,0.0305849508923409,2.16666666666667,4.94444444444444,2.72222222222222,0.666666666666667,0.333333333333333,4.61111111111111,12.0526315789474,8.87368421052632,0.105263157894737,1.44907186551248,0.0397849879787785,0.0736842105263158,0.8,0.494736842105263,0.126315789473684,0.0631578947368421,0.736842105263158
35100,2,0,0,0,0,0,0,0,0,0,0,0,2,-2,0,0,0,0,-1.65984878980089,-0.2,NA,NA,NA,NA,NA,NA,NA,NA,NA,NA,NA,NA,NA,NA,NA,NA,NA,NA,NA,NA,NA,NA,NA,NA,NA,NA,NA,NA,NA,NA,NA,NA,NA,NA,NA,NA,NA,NA,NA,NA,NA,NA,NA,NA,NA,NA,NA,NA,NA,NA,NA,NA,NA,NA,NA,NA,NA,NA,NA,NA,NA,NA,NA,NA,NA,NA,NA,NA,NA,NA,NA,NA,NA,NA,NA,NA,NA,NA,NA,NA,NA,NA,NA,NA,NA,NA,NA,NA,NA,NA,NA,NA,NA,NA,NA,NA,NA,NA,NA,NA,NA,NA,NA,NA,NA,NA,NA,NA,NA,NA,NA,NA,NA,NA,NA,NA,NA,NA,NA,NA,NA,NA,NA,NA,NA,NA,NA,NA,NA,NA,NA,NA,NA,NA,NA,NA,NA,NA,NA,NA,NA,NA,NA,NA,NA,NA,NA,NA,NA,NA,NA,NA,NA,NA,NA,NA
35228,17,372,541,3851,21,11,30,220,4,1,191,65.6543678808934,78,572,5,4,3,27,17.827246009089,297.24,6.52700490998363,3.07855973813421,0.584288052373159,0.0376432078559738,0.0180032733224223,0.0490998363338789,0.111128662825852,9.49927722310686e-05,0.0818330605564648,0.499181669394435,0.273322422258592,0.0769230769230769,0.0212765957446809,0.345335515548282,6.37017543859649,3.3,0.0385964912280702,0.0192982456140351,0.0526315789473684,0.0780755665969548,-0.000868077660060563,0.087719298245614,0.498245614035088,0.271929824561404,0.0754385964912281,0.0210526315789474,0.340350877192982,247.882352941176,110.647058823529,34.1764705882353,1.58823529411765,0.647058823529412,1.76470588235294,3.87236685849544,0.0198089673177042,2.94117647058824,19.0588235294118,10.2352941176471,2.88235294117647,0.823529411764706,13.1176470588235,10.3521505376344,5.05645161290323,0.0564516129032258,0.713275676615683,0.0168611984704129,0.032258064516129,0.760752688172043,0.416666666666667,0.115591397849462,0.032258064516129,0.521505376344086,5.35766423357664,2.7007299270073,0.788321167883212,0.0364963503649635,0.0145985401459854,0.0802919708029197,-0.00914704349978166,-0.00253543299651342,0.131386861313869,0.408759124087591,0.240875912408759,0.072992700729927,0.0218978102189781,0.394160583941606,5.008,2.96,0.04,0.016,0.088,-0.091218580889461,-0.00389101983516988,0.144,0.384,0.232,0.072,0.024,0.376,46.9411764705882,21.7647058823529,10.1176470588235,0.411764705882353,0.117647058823529,0.647058823529412,0.288923409911987,-0.0122489776324592,1.05882352941176,3.64705882352941,2.05882352941176,0.647058823529412,0.176470588235294,3.52941176470588,10.7058823529412,5.44117647058824,0.0735294117647059,1.09212784105197,0.0256878442972674,0.0441176470588235,0.705882352941177,0.426470588235294,0.132352941176471,0.0441176470588235,0.691176470588235,5.27891156462585,2.78231292517007,0.73469387755102,0.0476190476190476,0.0340136054421769,0.0816326530612245,-0.0308123265155041,-0.00421001525749407,0.142857142857143,0.414965986394558,0.244897959183673,0.0680272108843537,0.0204081632653061,0.394557823129252,4.94814814814815,3.02962962962963,0.0518518518518519,0.037037037037037,0.0888888888888889,-0.108730293699938,-0.00561404001278166,0.155555555555556,0.392592592592593,0.237037037037037,0.0666666666666667,0.0222222222222222,0.377777777777778,49.4117647058824,24.0588235294118,10.1176470588235,0.529411764705882,0.294117647058824,0.705882352941176,-0.368504030067729,-0.0331743650395392,1.23529411764706,3.94117647058824,2.23529411764706,0.647058823529412,0.176470588235294,3.76470588235294,10.7916666666667,5.68055555555556,0.0833333333333333,1.21541283507674,0.0284434982074697,0.0555555555555556,0.722222222222222,0.444444444444444,0.125,0.0416666666666667,0.708333333333333
35264,2,0,0,0,0,0,0,0,0,0,0,0,4,5,0,0,0,1,-2.06078527146019,0.5,NA,NA,NA,NA,NA,NA,NA,NA,NA,NA,NA,NA,NA,NA,NA,NA,NA,NA,NA,NA,NA,NA,NA,NA,NA,NA,NA,NA,NA,NA,NA,NA,NA,NA,NA,NA,NA,NA,NA,NA,NA,NA,NA,NA,NA,NA,NA,NA,NA,NA,NA,NA,NA,NA,NA,NA,NA,NA,NA,NA,NA,NA,NA,NA,NA,NA,NA,NA,NA,NA,NA,NA,NA,NA,NA,NA,NA,NA,NA,NA,NA,NA,NA,NA,NA,NA,NA,NA,NA,NA,NA,NA,NA,NA,NA,NA,NA,NA,NA,NA,NA,NA,NA,NA,NA,NA,NA,NA,NA,NA,NA,NA,NA,NA,NA,NA,NA,NA,NA,NA,NA,NA,NA,NA,NA,NA,NA,NA,NA,NA,NA,NA,NA,NA,NA,NA,NA,NA,NA,NA,NA,NA,NA,NA,NA,NA,NA,NA,NA,NA,NA,NA,NA,NA,NA,NA
35289,10,203,306,2013,9,10,29,164,4,3,106,-47.0637727828345,19,58,0,2,1,5,-7.56471653372864,96.32,5.55523255813953,2.65697674418605,0.174418604651163,0.0319767441860465,0.0290697674418605,0.0843023255813953,-0.1201599671364,-0.00354135158530717,0.162790697674419,0.450581395348837,0.255813953488372,0.063953488372093,0.0174418604651163,0.325581395348837,5.55855855855856,2.74474474474474,0.033033033033033,0.03003003003003,0.0870870870870871,-0.137163160910873,-0.0040006516832941,0.168168168168168,0.447447447447447,0.255255255255255,0.0660660660660661,0.018018018018018,0.324324324324324,191.3,91.4,6.2,1.1,1,2.9,-5.32400491170492,-0.136420311299875,5.6,15.5,8.8,2.2,0.6,11.3,9.91625615763547,4.50246305418719,0.0443349753694581,0.680783550060982,0.018040012042783,0.0492610837438424,0.719211822660099,0.41871921182266,0.108374384236453,0.0295566502463054,0.532019704433498,4.61290322580645,1.97849462365591,0.473118279569892,0.032258064516129,0.0537634408602151,0.0645161290322581,-0.142659495586706,-0.00259727785888794,0.172043010752688,0.419354838709677,0.258064516129032,0.032258064516129,0,0.376344086021505,4.47674418604651,2.13953488372093,0.0348837209302326,0.0581395348837209,0.0697674418604651,-0.20958526976198,-0.00491088942282697,0.186046511627907,0.395348837209302,0.244186046511628,0.0348837209302326,0,0.36046511627907,42.9,18.4,4.4,0.3,0.5,0.6,-2.00944914555444,-0.0299210840374468,1.6,3.9,2.4,0.3,0,3.5,9.30434782608696,4,0.0652173913043478,1.06743314976687,0.029303312635611,0.0434782608695652,0.739130434782609,0.456521739130435,0.0652173913043478,0,0.673913043478261,4.45918367346939,1.98979591836735,0.448979591836735,0.0306122448979592,0.0510204081632653,0.0714285714285714,-0.182893741816645,-0.00485335452467141,0.173469387755102,0.418367346938776,0.244897959183673,0.0306122448979592,0,0.377551020408163,4.31868131868132,2.14285714285714,0.032967032967033,0.0549450549450549,0.0769230769230769,-0.249237217670305,-0.00721338893301473,0.186813186813187,0.395604395604396,0.230769230769231,0.032967032967033,0,0.362637362637363,43.7,19.5,4.4,0.3,0.5,0.7,-2.85735708057332,-0.0560885483868657,1.7,4.1,2.4,0.3,0,3.7,9.1875,4.0625,0.0625,1.11994233359214,0.02881216179222,0.0416666666666667,0.75,0.4375,0.0625,0,0.6875
35704,7,107,181,1071,6,5,12,88,4,2,45,-42.7224468111007,18,133,2,1,0,9,12.0754370670766,80.14,5.51231527093596,2.26600985221675,0.660098522167488,0.0541871921182266,0.0246305418719212,0.0591133004926108,-0.11882843792287,-0.00444111158252056,0.177339901477833,0.433497536945813,0.211822660098522,0.0689655172413793,0.0295566502463054,0.261083743842365,5.10362694300518,2.38341968911917,0.0466321243523316,0.0259067357512953,0.0621761658031088,-0.214751363546246,-0.00758677922874455,0.186528497409326,0.414507772020725,0.191709844559585,0.0569948186528497,0.0310880829015544,0.233160621761658,160.428571428571,65.7142857142857,19.7142857142857,1.57142857142857,0.714285714285714,1.71428571428571,-3.78856056444144,-0.135976000889852,5.14285714285714,12.7142857142857,6.14285714285714,2,0.857142857142857,7.71428571428571,10.0093457943925,4.29906542056075,0.0560747663551402,0.72433481673019,0.0142807649362084,0.0934579439252336,0.728971962616822,0.345794392523364,0.102803738317757,0.0560747663551402,0.420560747663551,5.06896551724138,2.1551724137931,1.10344827586207,0.103448275862069,0.0172413793103448,0.120689655172414,-0.127266800533968,-0.00197470403521936,0.275862068965517,0.362068965517241,0.172413793103448,0.103448275862069,0.0689655172413793,0.310344827586207,4.33962264150943,2.35849056603774,0.0943396226415094,0.0188679245283019,0.132075471698113,-0.322038310109471,-0.00678635778577076,0.30188679245283,0.320754716981132,0.132075471698113,0.0943396226415094,0.0754716981132075,0.264150943396226,49.5,20.8333333333333,11.1666666666667,1,0.166666666666667,1.16666666666667,-1.45279455752566,-0.0249049387457661,2.66666666666667,3.66666666666667,1.66666666666667,1,0.666666666666667,3.16666666666667,12.0869565217391,5.43478260869565,0.217391304347826,1.26257937407864,0.0313838777937644,0.130434782608696,0.695652173913043,0.304347826086957,0.217391304347826,0.173913043478261,0.608695652173913,5.18461538461538,2.2,1.36923076923077,0.0923076923076923,0.0307692307692308,0.107692307692308,-0.221086963007431,-0.00159158856493955,0.276923076923077,0.353846153846154,0.184615384615385,0.107692307692308,0.0615384615384615,0.307692307692308,4.20338983050847,2.42372881355932,0.0847457627118644,0.0338983050847458,0.11864406779661,-0.449436386116449,-0.0110768937262633,0.305084745762712,0.305084745762712,0.135593220338983,0.0847457627118644,0.0677966101694915,0.254237288135593,56.6666666666667,23.8333333333333,15.3333333333333,1,0.333333333333333,1.16666666666667,-2.61765758494447,-0.0230583425254907,3,4,2,1.16666666666667,0.666666666666667,3.5,12.3333333333333,5.95833333333333,0.208333333333333,1.36682812893079,0.0326459509587848,0.166666666666667,0.708333333333333,0.333333333333333,0.208333333333333,0.166666666666667,0.625
35710,10,216,341,2070,8,7,29,172,4,2,106,-33.3818123438119,67,265,2,0,0,26,8.92621904946282,135.3,5.12435233160622,2.91709844559586,0.207253886010363,0.0233160621761658,0.0181347150259067,0.0751295336787565,-0.0846555100796044,-0.0013285101200247,0.181347150259067,0.424870466321244,0.217616580310881,0.0492227979274611,0.0155440414507772,0.290155440414508,5.11590296495957,3.03504043126685,0.0242587601078167,0.0188679245283019,0.078167115902965,-0.0979219502412861,-0.00166376044395965,0.188679245283019,0.423180592991914,0.221024258760108,0.0512129380053908,0.0161725067385445,0.288409703504043,217.2,112.6,27.4,1.1,0.7,2.9,-2.06677857894388,-0.035122324021176,7,19.5,9,2,0.6,13.5,9.58333333333333,5.21296296296296,0.037037037037037,0.667643093173457,0.0204021708241355,0.0787037037037037,0.722222222222222,0.37962962962963,0.087962962962963,0.0277777777777778,0.49537037037037,4.92035398230088,3.13274336283186,0.380530973451327,0.0265486725663717,0.0176991150442478,0.115044247787611,-0.0897268504375696,-0.00332898341747452,0.194690265486726,0.398230088495575,0.20353982300885,0.0530973451327434,0.0176991150442478,0.336283185840708,4.88571428571429,3.37142857142857,0.0285714285714286,0.019047619047619,0.123809523809524,-0.122553156474553,-0.00477991052789851,0.20952380952381,0.39047619047619,0.20952380952381,0.0571428571428571,0.019047619047619,0.323809523809524,57.5,35.4,6.2,0.3,0.2,1.3,-0.732476501032972,-0.0311869746187858,2.2,5.4,2.3,0.6,0.2,4.7,9.93220338983051,6,0.0508474576271186,0.915114790253339,0.0258723128887372,0.0338983050847458,0.677966101694915,0.372881355932203,0.101694915254237,0.0338983050847458,0.576271186440678,4.67479674796748,2.98373983739837,0.349593495934959,0.024390243902439,0.024390243902439,0.105691056910569,-0.139579397797297,-0.00387575917276946,0.178861788617886,0.398373983739837,0.186991869918699,0.048780487804878,0.016260162601626,0.341463414634146,4.62608695652174,3.19130434782609,0.0260869565217391,0.0260869565217391,0.11304347826087,-0.17301924573435,-0.00523855528265535,0.191304347826087,0.391304347826087,0.191304347826087,0.0521739130434783,0.0173913043478261,0.330434782608696,59.8,36.7,6.6,0.3,0.3,1.3,-0.83379368201716,-0.0272649628107592,2.2,6.1,2.3,0.6,0.2,5.4,9.6031746031746,5.82539682539683,0.0476190476190476,1.0206861731619,0.0304869721082295,0.0317460317460317,0.698412698412698,0.349206349206349,0.0952380952380952,0.0317460317460317,0.603174603174603
35993,5,86,133,829,3,3,15,92,4,1,45,-17.8480365150601,26,135,2,2,1,10,-0.536011616717438,60.66,5.15853658536585,2.90853658536585,0.664634146341463,0.024390243902439,0.0182926829268293,0.0914634146341463,-0.0998455560446363,-0.0043001416022714,0.182926829268293,0.390243902439024,0.280487804878049,0.0426829268292683,0,0.323170731707317,4.94630872483221,3.20134228187919,0.0201342281879195,0.0201342281879195,0.100671140939597,-0.162143730181042,-0.00557622870172795,0.201342281879195,0.375838926174497,0.281879194630872,0.0402684563758389,0,0.308724832214765,174.6,95.4,27.2,1,0.6,3,-4.28068327363821,-0.162378400239891,6,13.6,9.4,1.4,0,11.2,9.63953488372093,5.54651162790698,0.0348837209302326,0.569814191222619,0.0149033754670695,0.0581395348837209,0.651162790697674,0.488372093023256,0.0697674418604651,0,0.534883720930233,4.13953488372093,1.81395348837209,0.697674418604651,0.0232558139534884,0,0.116279069767442,-0.395456184882694,-0.0109827235392147,0.27906976744186,0.302325581395349,0.27906976744186,0,0,0.232558139534884,3.89473684210526,2.05263157894737,0.0263157894736842,0,0.131578947368421,-0.465223386743426,-0.0122470398148183,0.31578947368421,0.289473684210526,0.289473684210526,0,0,0.210526315789474,39.6,15.6,10,0.4,0,1,-3.03983901858692,-0.0757171120024881,2.4,3.2,2.6,0,0,2.6,8.71428571428571,3.71428571428571,0.0476190476190476,0.461690903709626,0.0144296217073013,0.0952380952380952,0.523809523809524,0.523809523809524,0,0,0.380952380952381,4.78723404255319,2.14893617021277,0.74468085106383,0.0212765957446809,0,0.106382978723404,-0.131581281678272,-0.00794743942762268,0.25531914893617,0.361702127659574,0.297872340425532,0.0212765957446809,0,0.297872340425532,4.63414634146341,2.46341463414634,0.024390243902439,0,0.121951219512195,-0.201995061466148,-0.00900254755294131,0.292682926829268,0.341463414634146,0.317073170731707,0.024390243902439,0,0.268292682926829,49,20.2,11,0.4,0,1,-0.875779876371508,-0.0559716201848945,2.4,4,3,0.2,0,3.4,9.375,4.20833333333333,0.0416666666666667,0.795508339751677,0.0166377132977429,0.0833333333333333,0.583333333333333,0.541666666666667,0.0416666666666667,0,0.458333333333333
36212,11,291,399,2867,19,7,21,154,4,2,161,84.674154893303,17,49,0,3,0,5,0.472041753819212,181.58,6.48130841121495,2.76168224299065,0.133177570093458,0.0467289719626168,0.0163551401869159,0.0490654205607477,0.220993149093106,0.00574580349256543,0.0677570093457944,0.535046728971963,0.30607476635514,0.0677570093457944,0.0186915887850467,0.394859813084112,6.45368171021378,2.80760095011876,0.0475059382422803,0.0166270783847981,0.0498812351543943,0.203380077190838,0.00529939682974993,0.0688836104513064,0.529691211401425,0.304038004750594,0.0688836104513064,0.0190023752969121,0.389548693586698,251.909090909091,107.454545454545,4.90909090909091,1.81818181818182,0.636363636363636,1.90909090909091,8.04241763420097,0.213727166335165,2.63636363636364,20.8181818181818,11.9090909090909,2.63636363636364,0.727272727272727,15.3636363636364,9.85223367697595,4.06185567010309,0.0652920962199313,0.825891198950496,0.0201560159391872,0.0206185567010309,0.752577319587629,0.439862542955326,0.0996563573883162,0.0274914089347079,0.560137457044674,5.90990990990991,3.4954954954955,0.216216216216216,0.045045045045045,0.027027027027027,0.0810810810810811,0.047370707662682,0.000167373862304417,0.126126126126126,0.468468468468468,0.297297297297297,0.0810810810810811,0.045045045045045,0.432432432432432,5.79816513761468,3.55963302752294,0.0458715596330275,0.0275229357798165,0.0825688073394495,0.0235831393786697,-0.000621666541389076,0.128440366972477,0.458715596330275,0.284403669724771,0.0825688073394495,0.0458715596330275,0.422018348623853,59.6363636363636,35.2727272727273,2.18181818181818,0.454545454545455,0.272727272727273,0.818181818181818,0.478013504596155,0.00168895442870822,1.27272727272727,4.72727272727273,3,0.818181818181818,0.454545454545455,4.36363636363636,10.8153846153846,5.96923076923077,0.0615384615384615,1.24495375841216,0.0259728091632766,0.0461538461538462,0.769230769230769,0.476923076923077,0.138461538461538,0.0769230769230769,0.707692307692308,5.73228346456693,3.54330708661417,0.267716535433071,0.062992125984252,0.0236220472440945,0.0866141732283465,0.172250933273555,0.00487590435353733,0.125984251968504,0.496062992125984,0.283464566929134,0.0708661417322835,0.0393700787401575,0.464566929133858,5.64227642276423,3.65853658536585,0.0650406504065041,0.024390243902439,0.0894308943089431,0.114198169443194,0.00331187112806231,0.130081300813008,0.479674796747967,0.276422764227642,0.0731707317073171,0.040650406504065,0.447154471544715,66.1818181818182,40.9090909090909,3.09090909090909,0.727272727272727,0.272727272727273,1,1.98871532052195,0.0562945320817492,1.45454545454545,5.72727272727273,3.27272727272727,0.818181818181818,0.454545454545455,5.36363636363636,10.5,6.08108108108108,0.0945945945945946,1.43099268787085,0.0318486403144919,0.0405405405405405,0.797297297297297,0.45945945945946,0.121621621621622,0.0675675675675676,0.743243243243243
36264,15,268,425,3389,25,11,14,100,1,0,151,58.9795194851099,25,83,1,3,0,9,6.11012787278668,233.86,7.32857142857143,3.71428571428571,0.195918367346939,0.0551020408163265,0.0285714285714286,0.0326530612244898,0.116873048910738,0.00214086850878319,0.136734693877551,0.477551020408163,0.291836734693878,0.104081632653061,0.0408163265306122,0.351020408163265,7.32704402515723,3.81551362683438,0.0566037735849057,0.0293501048218029,0.0335429769392034,0.099913389258917,0.00221691303292313,0.140461215932914,0.469601677148847,0.291404612159329,0.106918238993711,0.0419287211740042,0.348008385744235,224.75,113.75,6.3125,1.75,0.875,1,3.65251832379203,0.067279861756534,4.1875,14.8125,8.9375,3.1875,1.25,10.9375,12.5034722222222,6.31944444444444,0.0868055555555556,0.921337278134958,0.0204514845449298,0.0625,0.760416666666667,0.482638888888889,0.177083333333333,0.0694444444444444,0.569444444444444,5.76515151515152,3.59090909090909,0.325757575757576,0.0909090909090909,0.0303030303030303,0.053030303030303,-0.0731731171434566,-0.00559142235312302,0.227272727272727,0.393939393939394,0.265151515151515,0.0757575757575758,0.0227272727272727,0.356060606060606,5.6984126984127,3.76190476190476,0.0952380952380952,0.0317460317460317,0.0555555555555556,-0.145090599006849,-0.00573136666921191,0.238095238095238,0.373015873015873,0.261904761904762,0.0793650793650794,0.0238095238095238,0.341269841269841,47.5625,29.625,2.6875,0.75,0.25,0.4375,-0.696816642739618,-0.0466330150827976,1.875,3.25,2.1875,0.625,0.1875,2.9375,11.984375,7.40625,0.171875,1.21929862119089,0.0229850543759576,0.140625,0.71875,0.515625,0.15625,0.046875,0.65625,5.92142857142857,3.69285714285714,0.342857142857143,0.0857142857142857,0.0285714285714286,0.05,-0.103681517407752,-0.00635588548796758,0.214285714285714,0.392857142857143,0.271428571428571,0.0857142857142857,0.0214285714285714,0.357142857142857,5.87218045112782,3.88721804511278,0.0902255639097744,0.0300751879699248,0.0526315789473684,-0.151908005371775,-0.00565039698943413,0.225563909774436,0.37593984962406,0.270676691729323,0.0902255639097744,0.0225563909774436,0.345864661654135,52.0625,32.3125,3.25,0.75,0.25,0.4375,-0.7782253219721,-0.0529708769625264,1.875,3.5625,2.375,0.75,0.1875,3.25,12.3880597014925,7.71641791044776,0.164179104477612,1.31334564116762,0.0238077242631342,0.134328358208955,0.73134328358209,0.537313432835821,0.17910447761194,0.0447761194029851,0.671641791044776
36355,17,332,504,3870,23,3,41,244,4,1,175,68.9618388662315,69,306,2,2,1,23,5.11319123656043,285.4,6.7875816993464,3.77777777777778,0.508169934640523,0.042483660130719,0.011437908496732,0.0735294117647059,0.0890092336409108,0.00320295975889487,0.181372549019608,0.449346405228758,0.276143790849673,0.0964052287581699,0.0375816993464052,0.321895424836601,6.6144578313253,3.97934595524957,0.0430292598967298,0.0120481927710843,0.0774526678141136,0.0730589033232524,0.00265227184052076,0.19104991394148,0.440619621342513,0.278829604130809,0.0946643717728055,0.0344234079173838,0.316695352839931,232.444444444444,128.444444444444,18.9444444444444,1.5,0.388888888888889,2.5,3.26498728936242,0.119138384746761,6.16666666666667,15.9444444444444,9.44444444444444,3.27777777777778,1.27777777777778,11.5555555555556,11.8843930635838,6.68208092485549,0.069364161849711,0.865067903218224,0.0226514693500771,0.0982658959537572,0.725433526011561,0.468208092485549,0.158959537572254,0.0578034682080925,0.531791907514451,6.0126582278481,3.91772151898734,0.386075949367089,0.0569620253164557,0,0.0949367088607595,0.0207462294323938,0.00135977930088773,0.227848101265823,0.360759493670886,0.246835443037975,0.069620253164557,0.0189873417721519,0.348101265822785,5.96644295302013,4.15436241610738,0.0604026845637584,0,0.100671140939597,0.00570294968290113,0.000733222595335233,0.241610738255034,0.355704697986577,0.25503355704698,0.0738255033557047,0.0201342281879195,0.342281879194631,53.5,34.3888888888889,4.11111111111111,0.5,0,0.833333333333333,0.30850941667173,0.0183784453234572,2,3.61111111111111,2.16666666666667,0.611111111111111,0.166666666666667,3.5,12.5128205128205,7.93589743589744,0.115384615384615,1.33335500074024,0.0329189109663154,0.102564102564103,0.67948717948718,0.487179487179487,0.141025641025641,0.0384615384615385,0.653846153846154,6.27380952380952,4.02380952380952,0.363095238095238,0.0535714285714286,0,0.0892857142857143,0.015981279634103,0.00138361245083355,0.226190476190476,0.369047619047619,0.255952380952381,0.0714285714285714,0.0238095238095238,0.357142857142857,6.24528301886792,4.25157232704403,0.0566037735849057,0,0.0943396226415094,0.00161440396832298,0.000797810873614617,0.238993710691824,0.364779874213836,0.264150943396226,0.0754716981132075,0.0251572327044025,0.352201257861635,59.6111111111111,37.5555555555556,4.44444444444444,0.555555555555556,0,0.833333333333333,0.560827961295483,0.0269651236278576,2.11111111111111,4,2.38888888888889,0.666666666666667,0.222222222222222,3.88888888888889,12.8571428571429,8.04761904761905,0.107142857142857,1.3559156580234,0.0335042438253081,0.107142857142857,0.678571428571429,0.5,0.142857142857143,0.0476190476190476,0.666666666666667
36389,15,248,361,2903,18,5,38,271,5,3,139,41.3626669692714,150,630,14,4,2,62,42.6382794316708,315.12,6.72826086956522,3.38586956521739,0.826086956521739,0.0416666666666667,0.0108695652173913,0.0923913043478261,0.190497561508686,0.00443094849784599,0.132246376811594,0.490942028985507,0.27536231884058,0.108695652173913,0.036231884057971,0.371376811594203,6.47713717693837,3.71570576540755,0.0457256461232604,0.0119284294234592,0.101391650099404,0.130805567370667,0.00273492896143262,0.145129224652087,0.47117296222664,0.272365805168986,0.107355864811133,0.0377733598409543,0.351888667992048,215.947368421053,98.3684210526316,44.4736842105263,2.21052631578947,0.31578947368421,2.68421052631579,6.7192862333275,0.167245600770329,3.8421052631579,17.8421052631579,8.47368421052632,3.26315789473684,1.10526315789474,13.5263157894737,11.594249201278,5.97124600638978,0.073482428115016,0.949934150292506,0.0245190113625368,0.0447284345047923,0.753993610223642,0.437699680511182,0.172523961661342,0.060702875399361,0.562300319488818,6.41830065359477,2.42483660130719,1.31372549019608,0.0392156862745098,0.0261437908496732,0.130718954248366,0.154552432970205,0.00848240447400259,0.176470588235294,0.444444444444444,0.274509803921569,0.124183006535948,0.0392156862745098,0.42483660130719,5.82835820895522,2.76865671641791,0.0447761194029851,0.0298507462686567,0.149253731343284,0.0243898549410031,0.00467246111377198,0.201492537313433,0.402985074626866,0.261194029850746,0.126865671641791,0.0373134328358209,0.380597014925373,55.2105263157895,19.5263157894737,14.1052631578947,0.421052631578947,0.210526315789474,1.05263157894737,1.15912508828806,0.0794829347881296,1.42105263157895,4.68421052631579,2.26315789473684,1,0.31578947368421,4.47368421052632,13.1830985915493,5.22535211267606,0.0845070422535211,1.46702084186594,0.043441232125008,0.0422535211267606,0.76056338028169,0.492957746478873,0.23943661971831,0.0704225352112676,0.71830985915493,6.57228915662651,2.70481927710843,1.37349397590361,0.0481927710843374,0.0240963855421687,0.132530120481928,0.204001697149925,0.00949394335612562,0.180722891566265,0.457831325301205,0.271084337349398,0.132530120481928,0.0481927710843374,0.439759036144578,5.95172413793103,3.09655172413793,0.0551724137931034,0.0275862068965517,0.151724137931034,0.0475224073300365,0.00535521167698088,0.206896551724138,0.413793103448276,0.255172413793103,0.131034482758621,0.0482758620689655,0.393103448275862,61.6842105263158,23.6315789473684,16.2631578947368,0.578947368421053,0.210526315789474,1.15789473684211,2.49314292636683,0.110080530513673,1.57894736842105,5.52631578947368,2.42105263157895,1.15789473684211,0.421052631578947,5.31578947368421,13.3896103896104,5.83116883116883,0.103896103896104,1.61469801373265,0.0467346688777546,0.038961038961039,0.779220779220779,0.48051948051948,0.246753246753247,0.0909090909090909,0.74025974025974
36442,17,460,652,4918,43,9,48,278,9,5,253,117.020955424456,42,201,2,2,0,16,16.0528189284669,372.82,6.70124481327801,3.77040110650069,0.283540802213001,0.0650069156293223,0.012448132780083,0.0663900414937759,0.165134860905698,0.00681806379364676,0.168741355463347,0.517289073305671,0.273858921161826,0.0691562932226833,0.0345781466113416,0.366528354080221,6.61911554921541,3.88873038516405,0.065620542082739,0.0128388017118402,0.0684736091298146,0.143401224379916,0.00594956928440915,0.174037089871612,0.512125534950071,0.271041369472183,0.0699001426533524,0.0342368045649073,0.360912981455064,285.411764705882,160.352941176471,12.4705882352941,2.82352941176471,0.529411764705882,2.82352941176471,7.07688834423982,0.287137696681055,7.1764705882353,22.2941176470588,11.6470588235294,2.94117647058824,1.47058823529412,15.8823529411765,10.6913043478261,5.92608695652174,0.0934782608695652,0.868919733285242,0.0271121209148094,0.0869565217391304,0.780434782608696,0.41304347826087,0.106521739130435,0.0521739130434783,0.55,5.9945652173913,3.82065217391304,0.71195652173913,0.0869565217391304,0.0108695652173913,0.130434782608696,0.114210915531528,0.00507035030337081,0.266304347826087,0.467391304347826,0.277173913043478,0.0760869565217391,0.0326086956521739,0.451086956521739,5.58620689655172,4.04022988505747,0.0862068965517241,0.0114942528735632,0.137931034482759,0.022556675617375,0.00177474038736805,0.281609195402299,0.448275862068966,0.264367816091954,0.0747126436781609,0.028735632183908,0.431034482758621,65.1764705882353,41.3529411764706,8,0.941176470588235,0.117647058823529,1.41176470588235,1.33113252575222,0.0576384677651996,2.88235294117647,5.23529411764706,3,0.823529411764706,0.352941176470588,5.05882352941176,11.6082474226804,7.24742268041237,0.134020618556701,1.40210937939908,0.0383507511304258,0.11340206185567,0.804123711340206,0.474226804123711,0.134020618556701,0.0515463917525773,0.77319587628866,6.07960199004975,3.86567164179104,0.651741293532338,0.0995024875621891,0.0099502487562189,0.129353233830846,0.146503591688712,0.00529642601787526,0.258706467661692,0.472636815920398,0.278606965174129,0.0796019900497512,0.0398009950248756,0.45771144278607,5.71204188481675,4.06806282722513,0.0994764397905759,0.0104712041884817,0.136125654450262,0.0646977750212204,0.00230597906374209,0.272251308900524,0.455497382198953,0.267015706806283,0.0785340314136126,0.0366492146596859,0.43979057591623,72.1764705882353,45.7058823529412,8,1.17647058823529,0.117647058823529,1.52941176470588,1.8271568476128,0.0653818309282995,3.05882352941176,5.76470588235294,3.29411764705882,0.941176470588235,0.470588235294118,5.58823529411765,11.6018518518519,7.19444444444444,0.157407407407407,1.5057168282081,0.0411902690040412,0.111111111111111,0.805555555555556,0.472222222222222,0.138888888888889,0.0648148148148148,0.777777777777778
36898,4,20,36,212,0,0,2,18,0,0,9,-5.21263952628942,3,11,0,0,0,1,-1.13970202690689,9.58,5.2051282051282,3.58974358974359,0.230769230769231,0,0,0.0512820512820513,-0.239055353994422,-0.000671004580232339,0.102564102564103,0.358974358974359,0.230769230769231,0.0769230769230769,0,0.230769230769231,5.10526315789474,3.68421052631579,0,0,0.0526315789473684,-0.273387533728965,-0.00133681761967876,0.105263157894737,0.342105263157895,0.236842105263158,0.0789473684210526,0,0.236842105263158,51.5,35,3,0,0,0.5,-1.96250892808894,-0.00563809219602263,1,3.75,2.25,0.75,0,2.5,10.6,7,0,0.586144167928433,0.00603263145785604,0.05,0.65,0.45,0.15,0,0.45,6.58333333333333,4.58333333333333,0,0,0,0,0.25541178334485,0.00878735665113103,0.166666666666667,0.5,0.416666666666667,0,0,0.416666666666667,6.58333333333333,4.58333333333333,0,0,0,0.25541178334485,0.00878735665113103,0.166666666666667,0.5,0.416666666666667,0,0,0.416666666666667,19.75,13.75,0,0,0,0,0.766235350034549,0.0263620699533931,0.5,1.5,1.25,0,0,1.25,11.2857142857143,7.85714285714286,0,1.30539150402183,0.0198236060605268,0.142857142857143,0.857142857142857,0.714285714285714,0,0,0.714285714285714,5.86666666666667,3.86666666666667,0,0,0,0,-0.0935347811978621,0.00325338127004215,0.133333333333333,0.466666666666667,0.333333333333333,0,0,0.4,5.86666666666667,3.86666666666667,0,0,0,-0.0935347811978621,0.00325338127004215,0.133333333333333,0.466666666666667,0.333333333333333,0,0,0.4,22.75,14.5,0.75,0,0,0,0.0175253438646905,0.0131043822239008,0.5,2,1.25,0,0,1.75,11,7.25,0,1.47939331376256,0.0173463831733898,0.125,0.875,0.625,0,0,0.75
36928,3,1,1,5,0,0,0,0,0,0,0,0.297810939140618,5,-4,0,0,0,0,-6.62303357804194,-0.2,5,-3,0,0,0,0,0.297810939140618,-0.0158824622631073,0,1,0,0,0,0,5,-3,0,0,0,0.297810939140618,-0.0158824622631073,0,1,0,0,0,0,5,-3,0,0,0,0,0.297810939140618,-0.0158824622631073,0,1,0,0,0,0,5,-3,0,0.297810939140618,-0.0158824622631073,0,1,0,0,0,0,NA,NA,NA,NA,NA,NA,NA,NA,NA,NA,NA,NA,NA,NA,NA,NA,NA,NA,NA,NA,NA,NA,NA,NA,NA,NA,NA,NA,NA,NA,NA,NA,NA,NA,NA,NA,NA,NA,NA,NA,NA,NA,NA,NA,NA,NA,NA,NA,NA,NA,NA,NA,NA,NA,NA,NA,NA,NA,NA,NA,NA,NA,NA,NA,NA,NA,NA,NA,NA,NA,NA,NA,NA,NA,NA,NA,NA,NA,NA,NA,NA,NA,NA,NA,NA,NA,NA,NA,NA,NA,NA,NA,NA,NA,NA,NA,NA,NA,NA,NA,NA,NA,NA,NA
36945,10,106,161,1106,5,1,16,124,2,1,45,8.53987047392508,62,289,5,4,0,19,2.4346262689508,119.14,5.55837563451777,2.9746192893401,0.573604060913706,0.0406091370558376,0.0050761421319797,0.0812182741116751,0.0616691715888168,0.00222980915354626,0.17258883248731,0.431472081218274,0.223350253807107,0.0761421319796954,0.0355329949238579,0.274111675126904,5.51685393258427,3.29213483146067,0.0280898876404494,0.00561797752808989,0.0898876404494382,0.00700718016708725,0.00094055538457413,0.191011235955056,0.410112359550562,0.224719101123595,0.0842696629213483,0.0393258426966292,0.269662921348315,115.909090909091,53.2727272727273,26.6363636363636,0.909090909090909,0.0909090909090909,1.45454545454545,1.10233243815038,0.0488605768269677,3.09090909090909,9.72727272727273,4.36363636363636,1.45454545454545,0.727272727272727,6.27272727272727,10.4339622641509,5.52830188679245,0.0471698113207547,0.760430802624315,0.0218733384852474,0.0754716981132075,0.679245283018868,0.377358490566038,0.141509433962264,0.0660377358490566,0.452830188679245,5.22033898305085,3.40677966101695,0.423728813559322,0.0508474576271186,0,0.101694915254237,0.132587320205539,0.00633758282835003,0.152542372881356,0.423728813559322,0.254237288135593,0.0847457627118644,0.0169491525423729,0.389830508474576,5.14545454545455,3.65454545454545,0.0363636363636364,0,0.109090909090909,0.0801554184411023,0.00497597856462779,0.163636363636364,0.418181818181818,0.254545454545455,0.0909090909090909,0.0181818181818182,0.381818181818182,41.875,25.125,6.5,0.5,0,0.75,1.27949980127513,0.0702715540568731,1.125,4,1.875,0.625,0.125,3.75,11.8275862068966,6.93103448275862,0.0689655172413793,1.5081139084295,0.0444251218139245,0.0344827586206897,0.758620689655172,0.482758620689655,0.172413793103448,0.0344827586206897,0.724137931034483,5.0983606557377,3.29508196721311,0.459016393442623,0.0655737704918033,0,0.0983606557377049,0.140739556728989,0.0059156920599332,0.163934426229508,0.426229508196721,0.245901639344262,0.0819672131147541,0.0163934426229508,0.39344262295082,5.05357142857143,3.58928571428571,0.0357142857142857,0,0.107142857142857,0.0381211564759521,0.00327583702595869,0.178571428571429,0.410714285714286,0.25,0.0892857142857143,0.0178571428571429,0.375,42.25,25.125,6.875,0.625,0,0.75,0.344209890644453,0.0469631926346025,1.25,4.25,1.875,0.625,0.125,4,11.8275862068966,6.93103448275862,0.0689655172413793,1.5081139084295,0.0444251218139245,0.0344827586206897,0.758620689655172,0.482758620689655,0.172413793103448,0.0344827586206897,0.724137931034483
36971,10,172,284,2045,11,7,18,140,3,1,97,3.90157262062849,26,119,3,0,0,13,8.41078275876856,145.7,6.33962264150943,3.80817610062893,0.330188679245283,0.0377358490566038,0.0220125786163522,0.0566037735849057,0.00956980426536984,-0.0010514220728574,0.113207547169811,0.437106918238994,0.273584905660377,0.10377358490566,0.0314465408805031,0.323899371069182,6.2655737704918,3.97049180327869,0.0360655737704918,0.0229508196721311,0.059016393442623,-0.0107588895066432,-0.00159274216713672,0.118032786885246,0.429508196721311,0.272131147540984,0.104918032786885,0.0295081967213115,0.318032786885246,203.3,121.1,12.2,1.4,0.7,1.8,0.687034778426642,-0.0214413045984458,3.6,14.6,8.7,3.3,1,11,11.8895348837209,7.0406976744186,0.063953488372093,0.846486211856772,0.020882138736701,0.0348837209302326,0.732558139534884,0.482558139534884,0.186046511627907,0.0523255813953488,0.563953488372093,4.29411764705882,2.84705882352941,0.6,0.0470588235294118,0.0235294117647059,0.0823529411764706,-0.302820516041777,-0.00824241088482081,0.176470588235294,0.305882352941176,0.211764705882353,0.0705882352941176,0.0352941176470588,0.294117647058824,3.925,3.025,0.05,0.025,0.0875,-0.352802179536938,-0.00908304204114388,0.1875,0.3,0.2,0.0625,0.025,0.2875,36.9,24.2,5.5,0.4,0.2,0.7,-2.65653935583235,-0.070113303726364,1.5,2.8,1.8,0.6,0.3,2.7,11,7.11764705882353,0.117647058823529,1.15453023477279,0.0250613512132859,0.0588235294117647,0.676470588235294,0.470588235294118,0.147058823529412,0.0588235294117647,0.676470588235294,4.08695652173913,2.85869565217391,0.554347826086957,0.0543478260869565,0.0217391304347826,0.0869565217391304,-0.336156270152597,-0.00858550602870701,0.184782608695652,0.304347826086957,0.206521739130435,0.0652173913043478,0.0326086956521739,0.293478260869565,3.73563218390805,3.02298850574713,0.0574712643678161,0.0229885057471264,0.0919540229885057,-0.384032268430378,-0.00937821830715846,0.195402298850575,0.298850574712644,0.195402298850575,0.0574712643678161,0.0229885057471264,0.28735632183908,38.6,26.3,6.1,0.5,0.2,0.8,-3.00175879750444,-0.0786769206725872,1.7,3.3,1.9,0.6,0.3,3.2,10.9722222222222,7.30555555555556,0.138888888888889,1.3048703206919,0.0249137687285839,0.0555555555555556,0.694444444444444,0.472222222222222,0.138888888888889,0.0555555555555556,0.694444444444444
36972,10,171,262,1672,8,8,14,100,1,1,77,-2.45746966445156,28,92,1,1,1,12,0.699630168265347,96.08,5.65529010238908,2.60750853242321,0.283276450511945,0.0273037542662116,0.0273037542662116,0.0477815699658703,-0.00698214661543975,0.000751088930663187,0.10580204778157,0.419795221843003,0.191126279863481,0.0750853242320819,0.0204778156996587,0.279863481228669,5.6415770609319,2.73835125448029,0.028673835125448,0.028673835125448,0.050179211469534,-0.0190293445709345,-0.000211357975805324,0.111111111111111,0.412186379928315,0.193548387096774,0.0788530465949821,0.021505376344086,0.275985663082437,167.1,76.4,9.7,0.9,0.8,1.4,-0.109199449592803,0.0113180769614089,3.1,13,5.6,2.2,0.6,8.9,9.77777777777778,4.46783625730994,0.0467836257309941,0.641584334356689,0.0183045910333156,0.0233918128654971,0.666666666666667,0.31578947368421,0.128654970760234,0.0350877192982456,0.450292397660819,6.22077922077922,2.5974025974026,0.467532467532468,0.038961038961039,0.051948051948052,0.051948051948052,-0.0225090951792741,0.00539438369300642,0.12987012987013,0.376623376623377,0.220779220779221,0.0649350649350649,0.038961038961039,0.350649350649351,6.23943661971831,2.8169014084507,0.0422535211267606,0.0563380281690141,0.0563380281690141,-0.0549850944297635,0.00398964580086954,0.140845070422535,0.366197183098592,0.225352112676056,0.0704225352112676,0.0422535211267606,0.338028169014085,49.1,20,4.8,0.4,0.4,0.4,0.253172383716328,0.0539651383077812,1,3.5,1.7,0.5,0.3,3.3,11.452380952381,4.76190476190476,0.0714285714285714,0.942286984488367,0.0369283631032155,0.0476190476190476,0.619047619047619,0.380952380952381,0.119047619047619,0.0714285714285714,0.571428571428571,6.32530120481928,2.96385542168675,0.433734939759036,0.0481927710843374,0.0481927710843374,0.0602409638554217,-0.0345509050309615,0.0022494522219281,0.132530120481928,0.385542168674699,0.228915662650602,0.0843373493975904,0.036144578313253,0.349397590361446,6.35064935064935,3.1948051948052,0.051948051948052,0.051948051948052,0.0649350649350649,-0.065434629782843,0.000709114830133452,0.142857142857143,0.376623376623377,0.233766233766234,0.0909090909090909,0.038961038961039,0.337662337662338,53.9,24.6,5,0.5,0.4,0.5,0.286563405088846,0.0314673329716751,1.1,3.9,1.9,0.7,0.3,3.6,11.6521739130435,5.34782608695652,0.0869565217391304,0.978539422883834,0.0287488889868088,0.0434782608695652,0.630434782608696,0.391304347826087,0.152173913043478,0.0652173913043478,0.565217391304348
37012,4,25,41,266,0,1,4,23,0,0,13,-8.36433636120222,11,41,0,0,0,3,-2.11646263179136,12.74,5.36170212765957,2.48936170212766,0.191489361702128,0,0.0212765957446809,0.0851063829787234,-0.286144048466502,0.00182022211749349,0.0851063829787234,0.361702127659574,0.25531914893617,0.0851063829787234,0.0638297872340425,0.297872340425532,5.4,2.6,0,0.0222222222222222,0.0888888888888889,-0.320593446581662,0.00102488205496532,0.0888888888888889,0.355555555555556,0.266666666666667,0.0888888888888889,0.0666666666666667,0.288888888888889,71,29.25,10.25,0,0.25,1,-4.13579193199153,-0.00539856864088506,1,5,3.25,1,0.75,4,10.64,4.68,0,0.472148560867645,0.0217033882363467,0.04,0.64,0.48,0.16,0.12,0.52,4.64285714285714,1.78571428571429,0.642857142857143,0,0,0.142857142857143,-0.232846068623429,0.00246822325373484,0.0714285714285714,0.285714285714286,0.214285714285714,0.0714285714285714,0.0714285714285714,0.285714285714286,4.66666666666667,2.08333333333333,0,0,0.166666666666667,-0.353148314914767,-0.000406301791372243,0.0833333333333333,0.25,0.25,0.0833333333333333,0.0833333333333333,0.25,24,8.33333333333333,5.33333333333333,0,0,0.666666666666667,-1.72334229095196,-0.0122199874046297,0.333333333333333,1.66666666666667,1,0.333333333333333,0.333333333333333,1.66666666666667,13,5,0,1.21531308866106,0.0416248770896345,0,0.6,0.6,0.2,0.2,0.6,4.4375,1.9375,0.5625,0,0,0.125,-0.202675491176447,-0.00244541698839384,0.125,0.3125,0.1875,0.0625,0.0625,0.3125,4.42857142857143,2.21428571428571,0,0,0.142857142857143,-0.301481619790882,-0.00561124420450402,0.142857142857143,0.285714285714286,0.214285714285714,0.0714285714285714,0.0714285714285714,0.285714285714286,26,10.3333333333333,5.33333333333333,0,0,0.666666666666667,-1.71766325698368,-0.0367805865268262,0.666666666666667,2,1,0.333333333333333,0.333333333333333,2,11.8333333333333,5.16666666666667,0,1.49783775753652,0.0350246761227027,0.166666666666667,0.666666666666667,0.5,0.166666666666667,0.166666666666667,0.666666666666667
37077,1,5,14,24,0,1,4,21,0,0,1,-15.5729183114717,1,2,0,0,0,0,-0.707496352493763,-0.84,0.263157894736842,0.894736842105263,0.105263157894737,0,0.0526315789473684,0.210526315789474,-0.856863929682391,-0.00949614380461801,0.263157894736842,0.105263157894737,0.0526315789473684,0,0,0.0526315789473684,0.166666666666667,0.944444444444444,0,0.0555555555555556,0.222222222222222,-0.865162128415093,-0.00937718063101379,0.277777777777778,0.111111111111111,0.0555555555555556,0,0,0.0555555555555556,5,17,2,0,1,4,-16.2804146639654,-0.180426732287742,5,2,1,0,0,1,4.8,3.4,0,-0.0465183213353157,-0.0070494219660759,0,0.4,0.2,0,0,0.2,1.16666666666667,1.66666666666667,0,0,0,0.333333333333333,-0.594485004880712,-0.00540188907568033,0.333333333333333,0.166666666666667,0.166666666666667,0,0,0.166666666666667,1.16666666666667,1.66666666666667,0,0,0.333333333333333,-0.594485004880712,-0.00540188907568033,0.333333333333333,0.166666666666667,0.166666666666667,0,0,0.166666666666667,7,10,0,0,0,2,-3.56691002928427,-0.032411334454082,2,1,1,0,0,1,8.5,5,0,0.488493066688534,-0.000380370765924454,0,0.5,0.5,0,0,0.5,1.16666666666667,1.66666666666667,0,0,0,0.333333333333333,-0.594485004880712,-0.00540188907568033,0.333333333333333,0.166666666666667,0.166666666666667,0,0,0.166666666666667,1.16666666666667,1.66666666666667,0,0,0.333333333333333,-0.594485004880712,-0.00540188907568033,0.333333333333333,0.166666666666667,0.166666666666667,0,0,0.166666666666667,7,10,0,0,0,2,-3.56691002928427,-0.032411334454082,2,1,1,0,0,1,8.5,5,0,0.488493066688534,-0.000380370765924454,0,0.5,0.5,0,0,0.5
37324,1,0,0,0,0,0,1,5,1,0,0,-1.38983265939169,1,5,0,0,0,0,-0.555109044536948,0.5,0,0,2.5,0,0,0.5,-0.972470851964317,1.16022565634921e-05,0.5,0,0,0,0,0,-5,0,0,0,1,-1.38983265939169,-1.18383104563691e-05,1,0,0,0,0,0,0,0,5,0,0,1,-1.94494170392863,2.32045131269842e-05,1,0,0,0,0,0,NA,NA,NA,NA,NA,NA,NA,NA,NA,NA,NA,5,0,5,0,0,0,-0.555109044536948,3.50428235833533e-05,0,0,0,0,0,0,NA,NA,NA,NA,NA,NA,NA,NA,NA,NA,NA,NA,NA,5,0,5,0,0,0,-0.555109044536948,3.50428235833533e-05,0,0,0,0,0,0,NA,NA,NA,NA,NA,NA,NA,NA,NA,NA,NA,5,0,5,0,0,0,-0.555109044536948,3.50428235833533e-05,0,0,0,0,0,0,NA,NA,NA,NA,NA,NA,NA,NA,NA,NA,NA,NA,NA,5,0,5,0,0,0,-0.555109044536948,3.50428235833533e-05,0,0,0,0,0,0,NA,NA,NA,NA,NA,NA,NA,NA,NA,NA,NA
37327,2,21,33,187,0,0,6,44,2,0,8,-15.5110251420131,1,4,0,0,0,0,-2.46101770619862,7.88,3.675,2.55,0.1,0,0,0.15,-0.449301071205293,-0.00500281447311863,0.3,0.3,0.2,0.025,0,0.225,3.66666666666667,2.61538461538462,0,0,0.153846153846154,-0.397718593384952,-0.00490564075656808,0.307692307692308,0.307692307692308,0.205128205128205,0.0256410256410256,0,0.230769230769231,73.5,51,2,0,0,3,-8.98602142410587,-0.100056289462373,6,6,4,0.5,0,4.5,8.9047619047619,4.85714285714286,0,0.483096985933593,0.0036097509298651,0.19047619047619,0.571428571428571,0.380952380952381,0.0476190476190476,0,0.428571428571429,-1.3,-0.2,0,0,0,0.3,-1.19844472129783,-0.0161863624467514,0.2,0.1,0.1,0,0,0.1,-1.3,-0.2,0,0,0.3,-1.19844472129783,-0.0161863624467514,0.2,0.1,0.1,0,0,0.1,-6.5,-1,0,0,0,1.5,-5.99222360648914,-0.0809318122337572,1,0.5,0.5,0,0,0.5,16,-2,0,2.19208180927671,0.000683261197991669,0,1,1,0,0,1,-1.23076923076923,-0.153846153846154,0.307692307692308,0,0,0.307692307692308,-1.61417584778311,-0.0141442827790832,0.307692307692308,0.0769230769230769,0.0769230769230769,0,0,0.0769230769230769,-1.66666666666667,-0.166666666666667,0,0,0.333333333333333,-1.54360569291515,-0.014590257225791,0.333333333333333,0.0833333333333333,0.0833333333333333,0,0,0.0833333333333333,-8,-1,2,0,0,2,-10.4921430105902,-0.091937838064041,2,0.5,0.5,0,0,0.5,16,-2,0,2.19208180927671,0.000683261197991669,0,1,1,0,0,1
37834,15,300,455,3864,20,12,31,156,5,3,178,78.7296737079858,66,323,5,2,0,33,19.2246525124249,266.86,7.61977186311787,4.22053231939164,0.570342205323194,0.0418250950570342,0.0228136882129278,0.05893536121673,0.184045253681171,0.0034013419269315,0.119771863117871,0.505703422053232,0.319391634980989,0.106463878326996,0.0551330798479087,0.384030418250951,7.69294605809129,4.6058091286307,0.04149377593361,0.024896265560166,0.0643153526970954,0.162295090520751,0.00293958296036362,0.130705394190871,0.495850622406639,0.323651452282158,0.116182572614108,0.0601659751037344,0.37344398340249,269.066666666667,148,21.8666666666667,1.66666666666667,0.8,2.06666666666667,6.94706139398216,0.13738117344542,4.2,18.5333333333333,11.2,3.73333333333333,1.93333333333333,14.2666666666667,12.88,7.4,0.0666666666666667,1.01517716894173,0.024902877215999,0.05,0.796666666666667,0.52,0.186666666666667,0.0966666666666667,0.6,6.54285714285714,4.11428571428571,0.457142857142857,0.0571428571428571,0.0142857142857143,0.0571428571428571,0.138125125377265,0.00425839466591796,0.157142857142857,0.457142857142857,0.342857142857143,0.0428571428571429,0.0285714285714286,0.428571428571429,6.65625,4.5,0.0625,0.015625,0.0625,0.101837834885548,0.00403482908550539,0.171875,0.4453125,0.3671875,0.046875,0.03125,0.4140625,62.1333333333333,38.4,5.33333333333333,0.6,0.133333333333333,0.533333333333333,1.46142915538396,0.0462892631330475,1.46666666666667,4.66666666666667,3.2,0.4,0.266666666666667,4.4,12.1369863013699,7.89041095890411,0.10958904109589,1.35870577162708,0.0315705703757256,0.0958904109589041,0.780821917808219,0.643835616438356,0.0821917808219178,0.0547945205479452,0.726027397260274,6.58503401360544,4.10204081632653,0.442176870748299,0.054421768707483,0.0136054421768707,0.054421768707483,0.0950784398773042,0.00324562338836724,0.156462585034014,0.448979591836735,0.340136054421769,0.054421768707483,0.0272108843537415,0.421768707482993,6.73880597014925,4.5,0.0597014925373134,0.0149253731343284,0.0597014925373134,0.081197314113094,0.0032573566323775,0.171641791044776,0.440298507462687,0.365671641791045,0.0597014925373134,0.0298507462686567,0.41044776119403,66,40.2,5.8,0.6,0.133333333333333,0.533333333333333,1.54286632481847,0.049098974927106,1.53333333333333,5.06666666666667,3.33333333333333,0.533333333333333,0.266666666666667,4.8,12.4933333333333,8.04,0.106666666666667,1.44299690759215,0.0326013313526474,0.0933333333333333,0.786666666666667,0.653333333333333,0.106666666666667,0.0533333333333333,0.733333333333333
38102,5,25,42,291,2,1,4,33,1,0,12,3.43721113255044,9,15,1,0,0,3,1.7277967237866,25.14,5.42,4.68,0.26,0.04,0.02,0.08,0.00704392598383427,0.00471807540865302,0.2,0.38,0.18,0.08,0.06,0.24,5.48936170212766,4.97872340425532,0.0425531914893617,0.0212765957446809,0.0851063829787234,0.0152560861489025,0.00519879068689524,0.212765957446809,0.361702127659574,0.191489361702128,0.0851063829787234,0.0638297872340425,0.25531914893617,55,46.8,3.4,0.6,0.2,0.8,0.488966554557003,0.0541548292144415,2,4.2,1.8,0.8,0.6,3,11.64,9.36,0.08,1.06465971806266,0.0302219072992339,0.04,0.68,0.36,0.16,0.12,0.48,5.83333333333333,4.77777777777778,0.444444444444444,0.111111111111111,0,0.0555555555555556,0.148597071006888,0.00547022676229669,0.111111111111111,0.388888888888889,0.277777777777778,0.111111111111111,0.0555555555555556,0.333333333333333,5.70588235294118,5.05882352941176,0.117647058823529,0,0.0588235294117647,0.14971491242907,0.00632335391914346,0.117647058823529,0.352941176470588,0.294117647058824,0.117647058823529,0.0588235294117647,0.352941176470588,26.25,21.5,2,0.5,0,0.25,0.668686819530996,0.0246160204303351,0.5,1.75,1.25,0.5,0.25,1.5,12,9.55555555555556,0.222222222222222,1.37239590950776,0.0324412131791683,0,0.666666666666667,0.555555555555556,0.222222222222222,0.111111111111111,0.666666666666667,5.86363636363636,4.40909090909091,0.363636363636364,0.0909090909090909,0,0.0454545454545455,0.306798141489913,0.0201293311654519,0.0909090909090909,0.454545454545455,0.272727272727273,0.0909090909090909,0.0454545454545455,0.409090909090909,5.76190476190476,4.61904761904762,0.0952380952380952,0,0.0476190476190476,0.315236445045157,0.0215180105020972,0.0952380952380952,0.428571428571429,0.285714285714286,0.0952380952380952,0.0476190476190476,0.428571428571429,26.4,19.4,2.2,0.4,0,0.2,1.30156807835683,0.0957440139265418,0.4,2.2,1.2,0.4,0.2,2.2,11,8.08333333333333,0.166666666666667,1.59554584198133,0.0530200534427195,0,0.75,0.5,0.166666666666667,0.0833333333333333,0.75
38108,1,16,31,170,1,2,1,5,0,0,8,-16.8488054084006,2,2,0,0,0,0,-0.289851196925156,7,5.09090909090909,2.09090909090909,0.0909090909090909,0.0606060606060606,0.0606060606060606,0.0303030303030303,-0.519353230464416,-0.00812472431944237,0.0606060606060606,0.303030303030303,0.212121212121212,0.0909090909090909,0.0303030303030303,0.242424242424242,5.15625,2.15625,0.0625,0.0625,0.03125,-0.526525169012518,-0.00854170468631264,0.0625,0.3125,0.21875,0.09375,0.03125,0.25,168,69,3,2,2,1,-17.1386566053257,-0.268115902541598,2,10,7,3,1,8,10.625,4.3125,0.0625,0.65528593115962,0.00398487182052443,0,0.625,0.4375,0.1875,0.0625,0.5,5.875,3.75,0,0.125,0,0,0.164337896785628,0.000328571670003885,0,0.375,0.25,0,0,0.375,5.875,3.75,0.125,0,0,0.164337896785628,0.000328571670003885,0,0.375,0.25,0,0,0.375,47,30,0,1,0,0,1.31470317428503,0.00262857336003108,0,3,2,0,0,3,7.83333333333333,5,0.166666666666667,0.669724752253448,0.00261843284500725,0,0.5,0.333333333333333,0,0,0.5,4.7,3,0,0.1,0,0,-0.458237638830869,-0.00641525416596629,0,0.3,0.2,0,0,0.3,4.7,3,0.1,0,0,-0.458237638830869,-0.00641525416596629,0,0.3,0.2,0,0,0.3,47,30,0,1,0,0,-4.58237638830869,-0.0641525416596629,0,3,2,0,0,3,7.83333333333333,5,0.166666666666667,0.669724752253448,0.00261843284500725,0,0.5,0.333333333333333,0,0,0.5
38122,5,52,85,458,2,2,10,64,2,2,24,-22.0815133874012,9,36,0,1,0,2,1.49767392169451,21.92,4.29,2.57,0.35,0.02,0.02,0.1,-0.207099022398643,-0.00420476217525001,0.18,0.39,0.19,0.07,0,0.25,4.19148936170213,2.73404255319149,0.0212765957446809,0.0212765957446809,0.106382978723404,-0.234120829024243,-0.00493525396268533,0.191489361702128,0.382978723404255,0.191489361702128,0.074468085106383,0,0.25531914893617,86,51.4,7.2,0.4,0.4,2,-4.10193680131687,-0.0881128409419052,3.6,8,3.8,1.4,0,5.2,8.80769230769231,4.94230769230769,0.0384615384615385,0.563259499837388,0.00635214186940368,0.0384615384615385,0.692307692307692,0.346153846153846,0.134615384615385,0,0.461538461538462,3.90909090909091,3.04545454545455,0,0,0.0454545454545455,0.181818181818182,-0.427597286140759,-0.0140300048356452,0.227272727272727,0.409090909090909,0.181818181818182,0.0909090909090909,0,0.318181818181818,3.90909090909091,3.04545454545455,0,0.0454545454545455,0.181818181818182,-0.427597286140759,-0.0140300048356452,0.227272727272727,0.409090909090909,0.181818181818182,0.0909090909090909,0,0.318181818181818,21.5,16.75,0,0,0.25,1,-2.35178507377418,-0.0771650265960488,1.25,2.25,1,0.5,0,1.75,9.72727272727273,6.09090909090909,0,0.813926108055977,0.00554691300600428,0,0.818181818181818,0.363636363636364,0.181818181818182,0,0.636363636363636,4.92592592592593,2.88888888888889,0,0,0.037037037037037,0.148148148148148,-0.124724293447359,-0.00808808712840632,0.222222222222222,0.481481481481481,0.222222222222222,0.111111111111111,0,0.407407407407407,4.92592592592593,2.88888888888889,0,0.037037037037037,0.148148148148148,-0.124724293447359,-0.00808808712840632,0.222222222222222,0.481481481481481,0.222222222222222,0.111111111111111,0,0.407407407407407,34,19.5,0.75,0,0.25,1,-0.291654222299934,-0.0400891123572364,1.5,3.5,1.5,0.75,0,3,10.2666666666667,5.2,0,1.13898898618173,0.0122165881407758,0,0.866666666666667,0.4,0.2,0,0.733333333333333
38128,6,40,54,550,3,0,8,37,1,1,20,16.2466392453774,20,138,1,0,0,6,3.9184020770295,51.8,8.40845070422535,3.88732394366197,1.1830985915493,0.0422535211267606,0,0.112676056338028,0.28835947854599,0.00653821501212085,0.140845070422535,0.408450704225352,0.267605633802817,0.183098591549296,0.126760563380282,0.338028169014085,8.14285714285714,4.38095238095238,0.0476190476190476,0,0.126984126984127,0.242851416593292,0.00409605316832745,0.158730158730159,0.396825396825397,0.253968253968254,0.174603174603175,0.142857142857143,0.317460317460317,109.166666666667,46,23.6666666666667,0.666666666666667,0,1.33333333333333,3.89992695314816,0.103078753665488,1.66666666666667,5.33333333333333,3.5,2.33333333333333,1.5,4.33333333333333,13.75,6.9,0.075,1.06385432511298,0.0281994122511273,0.05,0.625,0.4,0.275,0.225,0.5,9.96969696969697,5.72727272727273,1.81818181818182,0.0303030303030303,0,0.0909090909090909,0.50751173066955,0.0119608488500461,0.121212121212121,0.424242424242424,0.303030303030303,0.181818181818182,0.151515151515152,0.424242424242424,9.96296296296296,7,0.037037037037037,0,0.111111111111111,0.476565061235653,0.00985691850962241,0.148148148148148,0.407407407407407,0.296296296296296,0.185185185185185,0.185185185185185,0.407407407407407,54.8333333333333,31.5,10,0.166666666666667,0,0.5,2.79131451868253,0.0657846686752538,0.666666666666667,2.33333333333333,1.66666666666667,1,0.833333333333333,2.33333333333333,15.2777777777778,10.5,0.0555555555555556,1.28801325351765,0.0319846258399189,0.0555555555555556,0.611111111111111,0.444444444444444,0.277777777777778,0.277777777777778,0.611111111111111,10.6764705882353,6.29411764705882,1.76470588235294,0.0294117647058824,0,0.0882352941176471,0.626614413230485,0.0116099848030578,0.117647058823529,0.441176470588235,0.323529411764706,0.205882352941176,0.176470588235294,0.441176470588235,10.8214285714286,7.64285714285714,0.0357142857142857,0,0.107142857142857,0.622294985396571,0.00950600967900881,0.142857142857143,0.428571428571429,0.321428571428571,0.214285714285714,0.214285714285714,0.428571428571429,60.5,35.6666666666667,10,0.166666666666667,0,0.5,3.55081500830608,0.065789913883994,0.666666666666667,2.5,1.83333333333333,1.16666666666667,1,2.5,16.2631578947368,11.2631578947368,0.0526315789473684,1.460065342161,0.0303028808616306,0.0526315789473684,0.631578947368421,0.473684210526316,0.31578947368421,0.31578947368421,0.631578947368421
38400,2,30,45,323,4,0,2,17,0,0,17,14.6777132762997,5,-1,0,0,0,1,-3.00282555824379,28.82,6.51063829787234,3.93617021276596,0,0.0851063829787234,0,0.0425531914893617,0.312291771836164,0.00436393230003431,0.148936170212766,0.531914893617021,0.297872340425532,0.0425531914893617,0,0.382978723404255,6.51063829787234,3.93617021276596,0.0851063829787234,0,0.0425531914893617,0.312291771836164,0.00436393230003431,0.148936170212766,0.531914893617021,0.297872340425532,0.0425531914893617,0,0.382978723404255,154,92.5,1,2,0,1,7.44665919579244,0.114686305401667,3.5,13,7,1,0,9.5,10.7666666666667,6.16666666666667,0.133333333333333,1.00918184326669,0.0185203305600712,0.1,0.833333333333333,0.466666666666667,0.0666666666666667,0,0.6,4.8,5.6,0,0.1,0,0.2,0.116399450996479,-0.00271189628801287,0.4,0.3,0.2,0.1,0,0.3,4.8,5.6,0.1,0,0.2,0.116399450996479,-0.00271189628801287,0.4,0.3,0.2,0.1,0,0.3,25,28,1,0.5,0,1,0.689799812624968,-0.00142558508920376,2,2,1,0.5,0,2,10.8333333333333,9.33333333333333,0.166666666666667,1.22277835539902,0.0263570875134478,0.166666666666667,0.5,0.333333333333333,0.166666666666667,0,0.5,4.75,4.91666666666667,0,0.0833333333333333,0,0.166666666666667,0.0375494245288882,-0.00174160524177502,0.333333333333333,0.333333333333333,0.166666666666667,0.0833333333333333,0,0.333333333333333,4.75,4.91666666666667,0.0833333333333333,0,0.166666666666667,0.0375494245288882,-0.00174160524177502,0.333333333333333,0.333333333333333,0.166666666666667,0.0833333333333333,0,0.333333333333333,29.5,29.5,1,0.5,0,1,0.333099104815901,0.00168426490021045,2,2.5,1,0.5,0,2.5,10.5714285714286,8.42857142857143,0.142857142857143,1.43759559344941,0.0303823633029129,0.142857142857143,0.571428571428571,0.285714285714286,0.142857142857143,0,0.571428571428571
38416,4,2,2,11,0,0,0,0,0,0,1,0.318867500929628,6,-7,0,0,0,0,0,-0.26,5.5,0.5,0,0,0,0,0.159433750464814,2.30909354286268e-05,0,0.5,0,0,0,0.5,5.5,0.5,0,0,0,0.159433750464814,2.30909354286268e-05,0,0.5,0,0,0,0.5,5.5,0.5,0,0,0,0,0.159433750464814,2.30909354286268e-05,0,0.5,0,0,0,0.5,5.5,0.5,0,0.159433750464814,2.30909354286268e-05,0,0.5,0,0,0,0.5,NA,NA,NA,NA,NA,NA,NA,NA,NA,NA,NA,NA,NA,NA,NA,NA,NA,NA,NA,NA,NA,NA,NA,NA,NA,NA,NA,NA,NA,NA,NA,NA,NA,NA,NA,NA,NA,NA,NA,NA,NA,NA,NA,NA,NA,NA,NA,NA,NA,NA,NA,NA,NA,NA,NA,NA,NA,NA,NA,NA,NA,NA,NA,NA,NA,NA,NA,NA,NA,NA,NA,NA,NA,NA,NA,NA,NA,NA,NA,NA,NA,NA,NA,NA,NA,NA,NA,NA,NA,NA,NA,NA,NA,NA,NA,NA,NA,NA,NA,NA,NA,NA,NA,NA
38476,2,31,44,257,0,0,6,31,0,0,15,-8.00893249030923,8,32,0,0,0,1,-2.73994594844407,13.48,4.75925925925926,2.55555555555556,0.574074074074074,0,0,0.111111111111111,-0.113065361701215,-0.00395020473229966,0.203703703703704,0.388888888888889,0.240740740740741,0.037037037037037,0,0.296296296296296,4.52,2.76,0,0,0.12,-0.160178649806185,-0.0040112146892352,0.22,0.38,0.24,0.04,0,0.3,129.5,69,16.5,0,0,3,-5.37443921937665,-0.141322031304298,5.5,10.5,6.5,1,0,8,8.29032258064516,4.45161290322581,0,0.493152235970727,0.00294613004605766,0.0967741935483871,0.612903225806452,0.387096774193548,0.0645161290322581,0,0.483870967741935,5.14285714285714,3,1.35714285714286,0,0,0.142857142857143,-0.0127057383132134,-0.00977130971295992,0.214285714285714,0.357142857142857,0.285714285714286,0,0,0.357142857142857,4.41666666666667,3.5,0,0,0.166666666666667,-0.154769471768911,-0.0103777498249353,0.25,0.333333333333333,0.25,0,0,0.333333333333333,36,21,9.5,0,0,1,-0.0889401681924937,-0.0683991679907194,1.5,2.5,2,0,0,2.5,10.3333333333333,7,0,1.14964320568834,-8.54598474688828e-05,0.166666666666667,0.666666666666667,0.5,0,0,0.666666666666667,4.625,2.75,1.1875,0,0,0.125,-0.0384433751660254,-0.00552793243059568,0.1875,0.375,0.25,0,0,0.375,3.92857142857143,3.14285714285714,0,0,0.142857142857143,-0.16388909482131,-0.0054415414862368,0.214285714285714,0.357142857142857,0.214285714285714,0,0,0.357142857142857,37,22,9.5,0,0,1,-2.03663481910189,-0.0674890745503944,1.5,3,2,0,0,3,9.14285714285714,6.28571428571429,0,1.26634213614411,0.00685932874746088,0.142857142857143,0.714285714285714,0.428571428571429,0,0,0.714285714285714
38550,3,6,9,62,0,0,1,9,0,0,3,-2.0768875653945,5,2,0,0,0,1,-2.99576760584023,2.68,5,2.90909090909091,0.181818181818182,0,0,0.0909090909090909,-0.226965798590807,9.32992539178072e-06,0.0909090909090909,0.363636363636364,0.181818181818182,0.0909090909090909,0,0.272727272727273,5.3,3.2,0,0,0.1,-0.20768875653945,1.58776754688006e-05,0.1,0.4,0.2,0.1,0,0.3,19.3333333333333,10.6666666666667,1.66666666666667,0,0,0.333333333333333,-0.245083108958666,5.60250264243223e-05,0.333333333333333,1.66666666666667,0.666666666666667,0.333333333333333,0,1.33333333333333,10.3333333333333,5.33333333333333,0,0.737723584704023,2.23120053609212e-05,0,0.666666666666667,0.333333333333333,0.166666666666667,0,0.5,3.66666666666667,2.66666666666667,0,0,0,0,-0.0920032460194718,-1.26957893371582e-05,0,0.333333333333333,0,0,0,0.333333333333333,3.66666666666667,2.66666666666667,0,0,0,-0.0920032460194718,-1.26957893371582e-05,0,0.333333333333333,0,0,0,0.333333333333333,5.5,4,0,0,0,0,-0.138004869029208,-1.90436840057373e-05,0,0.5,0,0,0,0.5,5.5,4,0,0.533709650859237,1.43051147460938e-06,0,0.5,0,0,0,0.5,0.5,2,0,0,0,0.25,-1.02339946994258,1.56735168275191e-05,0.25,0.25,0,0,0,0.25,0.5,2,0,0,0.25,-1.02339946994258,1.56735168275191e-05,0.25,0.25,0,0,0,0.25,1.66666666666667,2.66666666666667,1,0,0,0.333333333333333,-0.777407807382477,4.2713322424485e-05,0.333333333333333,0.666666666666667,0,0,0,0.666666666666667,5.5,4,0,0.533709650859237,1.43051147460938e-06,0,0.5,0,0,0,0.5
38579,9,154,243,1612,8,4,10,82,0,0,78,4.30266368198077,21,30,1,2,2,10,-8.12173436273588,93.48,6.05447470817121,3.42801556420233,0.101167315175097,0.0311284046692607,0.0155642023346304,0.0389105058365759,0.0197024610445925,0.000355325863845871,0.11284046692607,0.447470817120623,0.245136186770428,0.0778210116731518,0.0194552529182879,0.311284046692607,6.0236220472441,3.46850393700787,0.031496062992126,0.015748031496063,0.0393700787401575,0.00981102832040313,0.000108218883766221,0.114173228346457,0.440944881889764,0.244094488188976,0.078740157480315,0.0196850393700787,0.307086614173228,174.777777777778,97.8888888888889,4.77777777777778,1,0.444444444444444,1.11111111111111,-0.191135626741054,-0.041271309366557,3.22222222222222,13.3333333333333,7,2.22222222222222,0.555555555555556,9.77777777777778,10.4675324675325,5.72077922077922,0.051948051948052,0.7456379664267,0.0163419736817871,0.0584415584415584,0.727272727272727,0.402597402597403,0.12987012987013,0.0324675324675325,0.506493506493506,5.359375,4.296875,0,0.03125,0.015625,0.109375,-0.200046036835213,-0.0034510387582458,0.203125,0.328125,0.21875,0.09375,0.015625,0.328125,5.359375,4.296875,0.03125,0.015625,0.109375,-0.200046036835213,-0.0034510387582458,0.203125,0.328125,0.21875,0.09375,0.015625,0.328125,38.4444444444444,30.5555555555556,0.333333333333333,0.222222222222222,0.111111111111111,0.777777777777778,-1.63939572998673,-0.0699276536767585,1.44444444444444,2.55555555555556,1.55555555555556,0.666666666666667,0.111111111111111,2.55555555555556,11.3714285714286,7.85714285714286,0.0571428571428571,0.947161750774852,0.0236471374176627,0.0571428571428571,0.6,0.4,0.171428571428571,0.0285714285714286,0.6,5.33802816901408,4.26760563380282,0,0.0422535211267606,0.0140845070422535,0.0985915492957746,-0.167505315211325,-0.00345574268912905,0.183098591549296,0.338028169014085,0.225352112676056,0.0845070422535211,0.0140845070422535,0.338028169014085,5.33802816901408,4.26760563380282,0.0422535211267606,0.0140845070422535,0.0985915492957746,-0.167505315211325,-0.00345574268912905,0.183098591549296,0.338028169014085,0.225352112676056,0.0845070422535211,0.0140845070422535,0.338028169014085,42.4444444444444,33.6666666666667,0.333333333333333,0.333333333333333,0.111111111111111,0.777777777777778,-1.53827695471456,-0.0726489037212509,1.44444444444444,2.88888888888889,1.77777777777778,0.666666666666667,0.111111111111111,2.88888888888889,11.4210526315789,7.97368421052632,0.0789473684210526,1.13275514975786,0.0218919916114768,0.0526315789473684,0.631578947368421,0.421052631578947,0.157894736842105,0.0263157894736842,0.631578947368421
38582,5,2,2,8,0,0,0,0,0,0,0,-1.12801867816597,7,-4,0,1,1,2,-10.5396242414718,-2.08,4,2,0,0,0,0,-0.564009339082986,-0.00468418002128601,0,0.5,0,0,0,0,4,2,0,0,0,-0.564009339082986,-0.00468418002128601,0,0.5,0,0,0,0,1.5,1,-0.5,0,0,0,-2.4439774149505,-0.0358373559247411,0,0.75,0,0,0,0.5,4,2,0,-0.564009339082986,-0.00468418002128601,0,0.5,0,0,0,0,1,-3,0,0,0,0,-1.60315191140398,-0.0143918395042419,0,0,0,0,0,0,1,-3,0,0,0,-1.60315191140398,-0.0143918395042419,0,0,0,0,0,0,-1,-1,-1.33333333333333,0,0,0,-2.90846932852097,-0.0182634442026028,0,0.333333333333333,0,0,0,0.333333333333333,1,-3,0,-1.60315191140398,-0.0143918395042419,0,0,0,0,0,0,1,-3,0,0,0,0,-1.60315191140398,-0.0143918395042419,0,0,0,0,0,0,1,-3,0,0,0,-1.60315191140398,-0.0143918395042419,0,0,0,0,0,0,-0.25,-0.75,-0.5,0,0,0,-2.56276072326,-0.0370932257901586,0,0.5,0,0,0,0.5,1,-3,0,-1.60315191140398,-0.0143918395042419,0,0,0,0,0,0
38583,6,61,118,440,0,6,8,47,2,1,20,-71.1411469733575,21,122,0,1,0,9,5.99139755265787,15.8,3.27272727272727,1.43181818181818,0.295454545454545,0,0.0454545454545455,0.0606060606060606,-0.518753958600097,-0.00859717279319849,0.204545454545455,0.295454545454545,0.121212121212121,0.00757575757575758,0,0.181818181818182,3.11904761904762,1.5,0,0.0476190476190476,0.0634920634920635,-0.56461227756633,-0.00929880688809568,0.214285714285714,0.277777777777778,0.119047619047619,0.00793650793650794,0,0.166666666666667,86.1666666666667,31.5,20.6666666666667,0,1,1.33333333333333,-10.8582915701166,-0.176302129325146,4.5,7.66666666666667,3.33333333333333,0.333333333333333,0.166666666666667,5,7.21311475409836,3.0983606557377,0,0.272744777916786,0.00434725711858816,0.0819672131147541,0.573770491803279,0.245901639344262,0.0163934426229508,0,0.344262295081967,3.5,1.79411764705882,0.411764705882353,0,0.117647058823529,0.0588235294117647,-0.769188382575521,-0.00722113315200926,0.264705882352941,0.294117647058824,0.117647058823529,0,0,0.264705882352941,3.38709677419355,1.96774193548387,0,0.129032258064516,0.0645161290322581,-0.878097253554921,-0.00807006913800574,0.290322580645161,0.258064516129032,0.129032258064516,0,0,0.225806451612903,24.2,12.2,3.2,0,0.8,0.4,-5.06777835130924,-0.0450257821357809,1.8,2.2,0.8,0,0,2,9.07692307692308,4.69230769230769,0,0.63991433092787,0.0125340269878507,0.153846153846154,0.615384615384615,0.307692307692308,0,0,0.538461538461538,3.26829268292683,1.85365853658537,0.341463414634146,0,0.0975609756097561,0.048780487804878,-0.937278551965236,-0.0110170528514129,0.24390243902439,0.268292682926829,0.121951219512195,0,0,0.24390243902439,3.1578947368421,2,0,0.105263157894737,0.0526315789473684,-1.03939553903183,-0.0120092837636261,0.263157894736842,0.236842105263158,0.131578947368421,0,0,0.210526315789474,27.2,15.2,3.2,0,0.8,0.4,-7.52298147591064,-0.0862619100837037,2,2.4,1,0,0,2.2,8.86666666666667,5.06666666666667,0,0.557090594002511,0.0122746940081318,0.133333333333333,0.6,0.333333333333333,0,0,0.533333333333333
38998,8,18,39,226,1,1,6,55,0,0,10,-14.9484791537611,11,22,0,0,0,0,-1.55629123060498,13.24,3.98,2.58,0.56,0.02,0.02,0.12,-0.330095407687322,-0.00585490325975115,0.3,0.28,0.2,0.06,0.02,0.2,3.8,2.86666666666667,0.0222222222222222,0.0222222222222222,0.133333333333333,-0.332188425639136,-0.00586830418760655,0.333333333333333,0.288888888888889,0.222222222222222,0.0666666666666667,0.0222222222222222,0.222222222222222,33.1666666666667,21.5,4.66666666666667,0.166666666666667,0.166666666666667,1,-2.75079506406102,-0.0487908604979263,2.5,2.33333333333333,1.66666666666667,0.5,0.166666666666667,1.66666666666667,12.5555555555556,7.16666666666667,0.0555555555555556,0.936408219286629,0.00690712656271191,0.166666666666667,0.722222222222222,0.555555555555556,0.166666666666667,0.0555555555555556,0.555555555555556,2.8,1.86666666666667,0.8,0,0.0666666666666667,0.133333333333333,-0.780745544185114,-0.0168683240180447,0.333333333333333,0.266666666666667,0.2,0,0,0.266666666666667,2.30769230769231,2.15384615384615,0,0.0769230769230769,0.153846153846154,-0.778647908897781,-0.0171739185226705,0.384615384615385,0.307692307692308,0.230769230769231,0,0,0.307692307692308,10.5,7,3,0,0.25,0.5,-2.92779579069418,-0.0632562150676677,1.25,1,0.75,0,0,1,12.5,7,0,1.21981704677455,0.00642283710840275,0.25,1,0.75,0,0,1,4.58823529411765,3.76470588235294,0.705882352941177,0,0.0588235294117647,0.117647058823529,-0.549022869519805,-0.0150712680145208,0.352941176470588,0.294117647058824,0.235294117647059,0.0588235294117647,0.0588235294117647,0.294117647058824,4.4,4.26666666666667,0,0.0666666666666667,0.133333333333333,-0.516308562315408,-0.01509650911806,0.4,0.333333333333333,0.266666666666667,0.0666666666666667,0.0666666666666667,0.333333333333333,19.5,16,3,0,0.25,0.5,-2.33334719545917,-0.0640528890617134,1.5,1.25,1,0.25,0.25,1.25,17.2,12.8,0,1.7905135477311,0.00535451845789794,0.4,1,0.8,0.2,0.2,1
39150,14,234,384,2403,15,9,29,186,4,1,117,-24.9195987047798,43,249,6,1,1,15,15.5478852018423,195.02,5.48558758314856,3.17960088691796,0.569844789356984,0.0465631929046563,0.0199556541019956,0.0643015521064302,-0.0272818064225525,0.0009837127404144,0.144124168514412,0.405764966740576,0.23059866962306,0.0731707317073171,0.0266075388026608,0.29490022172949,5.35507246376812,3.46376811594203,0.036231884057971,0.0217391304347826,0.070048309178744,-0.0732497342069132,0.000199714103208409,0.157004830917874,0.391304347826087,0.231884057971014,0.072463768115942,0.0265700483091787,0.285024154589372,176.571428571429,102.428571428571,18.2142857142857,1.5,0.642857142857143,2.07142857142857,-0.954713741976971,0.0314567333217213,4.64285714285714,13.0714285714286,7.42857142857143,2.35714285714286,0.857142857142857,9.5,10.2692307692308,6.12820512820513,0.0641025641025641,0.75999686569318,0.0193939626249344,0.0683760683760684,0.683760683760684,0.41025641025641,0.128205128205128,0.047008547008547,0.504273504273504,5,3.23484848484848,0.659090909090909,0.053030303030303,0.0303030303030303,0.106060606060606,-0.117979209465199,2.74458140793836e-05,0.204545454545455,0.356060606060606,0.265151515151515,0.0757575757575758,0.0227272727272727,0.318181818181818,4.69672131147541,3.5,0.0327868852459016,0.0327868852459016,0.114754098360656,-0.219053790706003,-0.002700304206039,0.221311475409836,0.336065573770492,0.254098360655738,0.0737704918032787,0.0245901639344262,0.295081967213115,47.1428571428571,30.5,6.21428571428571,0.5,0.285714285714286,1,-1.11237540352902,0.000258774818462759,1.92857142857143,3.35714285714286,2.5,0.714285714285714,0.214285714285714,3,11.2542372881356,7.23728813559322,0.0677966101694915,1.0966339494481,0.0312686700561395,0.0677966101694915,0.677966101694915,0.525423728813559,0.152542372881356,0.0508474576271186,0.610169491525424,4.90728476821192,3.27814569536424,0.596026490066225,0.0662251655629139,0.033112582781457,0.105960264900662,-0.105532103286287,0.0017312534358003,0.205298013245033,0.370860927152318,0.264900662251656,0.0662251655629139,0.0198675496688742,0.337748344370861,4.65,3.53571428571429,0.0428571428571429,0.0357142857142857,0.114285714285714,-0.22211503806166,-0.000507544984848323,0.221428571428571,0.35,0.257142857142857,0.0642857142857143,0.0214285714285714,0.314285714285714,52.9285714285714,35.3571428571429,6.42857142857143,0.714285714285714,0.357142857142857,1.14285714285714,-1.13823911401638,0.0186728049147032,2.21428571428571,4,2.85714285714286,0.714285714285714,0.214285714285714,3.64285714285714,10.9130434782609,7.17391304347826,0.0869565217391304,1.22072849487805,0.0333492355197579,0.072463768115942,0.695652173913043,0.521739130434783,0.130434782608696,0.0434782608695652,0.63768115942029
39152,12,190,301,2091,13,12,41,233,5,3,86,-65.6249321402618,45,183,0,5,3,20,-17.4965542566902,119.94,5.49175824175824,3.19230769230769,0.381868131868132,0.0467032967032967,0.032967032967033,0.112637362637363,-0.163538778757887,-0.00793080237548595,0.206043956043956,0.368131868131868,0.214285714285714,0.0714285714285714,0.0384615384615385,0.260989010989011,5.40697674418605,3.37790697674419,0.0494186046511628,0.0348837209302326,0.119186046511628,-0.190462012035645,-0.00869161872291051,0.218023255813953,0.357558139534884,0.218023255813953,0.0726744186046512,0.0406976744186047,0.25,170.416666666667,96.8333333333333,15.4166666666667,1.5,1,3.41666666666667,-6.58719737019713,-0.264683268870989,6.25,12,6.66666666666667,2.16666666666667,1.16666666666667,8.83333333333333,11.0052631578947,6.11578947368421,0.068421052631579,0.742691190950158,0.0163549933279103,0.0842105263157895,0.636842105263158,0.394736842105263,0.131578947368421,0.0736842105263158,0.452631578947368,6.91176470588235,4.7843137254902,0.598039215686274,0.0588235294117647,0.0392156862745098,0.176470588235294,-0.175732128457129,-0.013788226981563,0.245098039215686,0.352941176470588,0.274509803921569,0.137254901960784,0.0686274509803922,0.323529411764706,6.77894736842105,5.13684210526316,0.0631578947368421,0.0421052631578947,0.189473684210526,-0.209756695747875,-0.0150220796109889,0.263157894736842,0.336842105263158,0.28421052631579,0.136842105263158,0.0736842105263158,0.31578947368421,60,40.6666666666667,6.33333333333333,0.5,0.333333333333333,1.5,-1.85778851962149,-0.117919535210726,2.08333333333333,3.66666666666667,2.33333333333333,1.16666666666667,0.583333333333333,3.41666666666667,16.8666666666667,10.8444444444444,0.0888888888888889,1.54301998284031,0.0299719043528169,0.0888888888888889,0.711111111111111,0.6,0.288888888888889,0.155555555555556,0.666666666666667,6.24347826086957,4.30434782608696,0.582608695652174,0.0521739130434783,0.0434782608695652,0.173913043478261,-0.293328620948482,-0.0180332977264746,0.269565217391304,0.347826086956522,0.252173913043478,0.121739130434783,0.0608695652173913,0.31304347826087,6.08411214953271,4.62616822429907,0.0560747663551402,0.0467289719626168,0.186915887850467,-0.358499311542323,-0.0202905306153851,0.289719626168224,0.327102803738318,0.261682242990654,0.121495327102804,0.0654205607476635,0.299065420560748,61.0833333333333,41.25,6.83333333333333,0.5,0.416666666666667,1.66666666666667,-3.17513137849218,-0.173538709079489,2.58333333333333,4,2.41666666666667,1.16666666666667,0.583333333333333,3.66666666666667,16.4255319148936,10.531914893617,0.0851063829787234,1.57379398759649,0.0313562117949885,0.0851063829787234,0.723404255319149,0.595744680851064,0.276595744680851,0.148936170212766,0.680851063829787
39163,17,336,532,3727,20,12,52,408,3,2,187,-13.108152223106,52,233,0,3,2,14,-7.20744144273524,220.38,5.86428571428571,3.44285714285714,0.482857142857143,0.03,0.0185714285714286,0.09,-0.00435567494359349,0.00140664302179021,0.174285714285714,0.427142857142857,0.277142857142857,0.0742857142857143,0.0314285714285714,0.33,5.75114503816794,3.6793893129771,0.0320610687022901,0.0198473282442748,0.0961832061068702,-0.0258858281146782,0.000735330929672172,0.186259541984733,0.416793893129771,0.279389312977099,0.0732824427480916,0.033587786259542,0.322137404580153,215.631578947368,126.842105263158,17.3684210526316,1.10526315789474,0.68421052631579,3.31578947368421,-0.657099372515142,0.0330075187683952,6.42105263157895,15.7894736842105,10.2105263157895,2.73684210526316,1.15789473684211,12.2105263157895,11.2838196286472,6.39257294429708,0.0557029177718833,0.832298047380395,0.0244553013152377,0.0689655172413793,0.718832891246684,0.485411140583554,0.127320954907162,0.0583554376657825,0.559681697612732,5.25454545454545,3.55,0.495454545454545,0.0363636363636364,0.0227272727272727,0.140909090909091,-0.0322492702921407,0.000740396289007864,0.25,0.404545454545455,0.286363636363636,0.0681818181818182,0.0363636363636364,0.372727272727273,5.13235294117647,3.82843137254902,0.0392156862745098,0.0245098039215686,0.151960784313725,-0.0449819604970702,-0.000323325406516784,0.269607843137255,0.397058823529412,0.299019607843137,0.0686274509803922,0.0392156862745098,0.372549019607843,60.8421052631579,41.1052631578947,5.73684210526316,0.421052631578947,0.263157894736842,1.63157894736842,-0.373412603382682,0.00857300966219633,2.89473684210526,4.68421052631579,3.31578947368421,0.789473684210526,0.421052631578947,4.31578947368421,12.4285714285714,7.43809523809524,0.0761904761904762,1.3872282443238,0.0386551548565036,0.0952380952380952,0.761904761904762,0.580952380952381,0.133333333333333,0.0761904761904762,0.723809523809524,5.28571428571429,3.42857142857143,0.58008658008658,0.038961038961039,0.025974025974026,0.138528138528139,-0.0121827227497529,0.0018958138112231,0.242424242424242,0.411255411255411,0.285714285714286,0.0692640692640693,0.0346320346320346,0.380952380952381,5.07943925233645,3.70093457943925,0.0420560747663551,0.0280373831775701,0.149532710280374,-0.0373964899471504,0.000845674120263384,0.261682242990654,0.401869158878505,0.294392523364486,0.0654205607476635,0.0373831775700935,0.378504672897196,64.3684210526316,41.6842105263158,7.1578947368421,0.473684210526316,0.31578947368421,1.68421052631579,-0.0595363852018232,0.0232382428437205,2.94736842105263,5.05263157894737,3.47368421052632,0.842105263157895,0.421052631578947,4.68421052631579,12.0442477876106,7.00884955752212,0.079646017699115,1.36061164100093,0.039234142840866,0.0884955752212389,0.752212389380531,0.557522123893805,0.123893805309735,0.0707964601769911,0.716814159292035
39164,11,126,264,1814,8,12,14,115,3,2,73,-38.2182161869027,86,499,6,6,1,33,22.7349952450031,162.36,6.31879194630872,3.48322147651007,0.61744966442953,0.0302013422818792,0.0402684563758389,0.0469798657718121,-0.117298413346506,-0.00187939551957965,0.147651006711409,0.365771812080537,0.268456375838926,0.104026845637584,0.0536912751677852,0.278523489932886,6.13357400722022,3.74729241877256,0.0288808664259928,0.0433212996389892,0.0505415162454874,-0.159346855451793,-0.00323530327714731,0.15884476534296,0.346570397111913,0.259927797833935,0.101083032490975,0.0577617328519856,0.267148014440433,202,94.3636363636364,46.1818181818182,1.27272727272727,1.09090909090909,1.27272727272727,-1.85009851955851,0.025578284966475,4,13.1818181818182,8.54545454545454,3,1.45454545454545,9.81818181818182,14.3968253968254,8.23809523809524,0.0634920634920635,1.07199269783572,0.0314365067935108,0.0793650793650794,0.761904761904762,0.571428571428571,0.222222222222222,0.126984126984127,0.587301587301587,5.9,3.925,0.9625,0.0125,0.025,0.0875,-0.294659612542676,-0.00649144130244378,0.225,0.275,0.2875,0.125,0.0625,0.2625,5.41095890410959,4.3013698630137,0.0136986301369863,0.0273972602739726,0.0958904109589041,-0.331358945075987,-0.0083363058473914,0.246575342465753,0.26027397260274,0.273972602739726,0.10958904109589,0.0684931506849315,0.246575342465753,47.9090909090909,28.5454545454545,12,0.272727272727273,0.181818181818182,0.636363636363636,-1.70331351671381,-0.014906988344149,1.63636363636364,2.72727272727273,2.27272727272727,0.909090909090909,0.454545454545455,2.63636363636364,16.25,11.2142857142857,0.0357142857142857,1.5890726662175,0.0437242793261708,0.142857142857143,0.678571428571429,0.714285714285714,0.285714285714286,0.178571428571429,0.642857142857143,5.67032967032967,3.6043956043956,1,0.032967032967033,0.021978021978022,0.0769230769230769,-0.266421486660879,-0.00201984417512783,0.197802197802198,0.296703296703297,0.285714285714286,0.10989010989011,0.0549450549450549,0.285714285714286,5.18292682926829,4,0.024390243902439,0.024390243902439,0.0853658536585366,-0.388849848386826,-0.00456266677571544,0.219512195121951,0.268292682926829,0.268292682926829,0.0975609756097561,0.0609756097560976,0.25609756097561,53.5454545454545,29.8181818181818,14.9090909090909,0.454545454545455,0.181818181818182,0.636363636363636,-1.23176236385217,0.0287345631041726,1.63636363636364,3.36363636363636,2.63636363636364,0.909090909090909,0.454545454545455,3.27272727272727,15.15625,10.25,0.0625,1.52551331911332,0.0499244297195548,0.125,0.6875,0.6875,0.25,0.15625,0.65625
39376,7,130,228,1317,4,5,22,136,4,3,62,-74.7923269937251,18,146,0,1,0,7,13.5754030805547,67.28,4.92045454545455,2.55681818181818,0.446969696969697,0.0227272727272727,0.0189393939393939,0.0833333333333333,-0.279864375971285,-0.00377303695364042,0.147727272727273,0.378787878787879,0.223484848484848,0.0643939393939394,0.0189393939393939,0.261363636363636,4.724,2.7,0.024,0.02,0.088,-0.33914952385947,-0.00484292656702321,0.156,0.356,0.22,0.064,0.02,0.252,189.714285714286,96.4285714285714,21,0.857142857142857,0.714285714285714,3.14285714285714,-10.173139697759,-0.136524142864129,5.57142857142857,14.5714285714286,8.57142857142857,2.57142857142857,0.714285714285714,10.1428571428571,10.1307692307692,5.19230769230769,0.0384615384615385,0.516195961830199,0.0133886415108592,0.0538461538461538,0.669230769230769,0.423076923076923,0.123076923076923,0.0384615384615385,0.476923076923077,4.13846153846154,2.30769230769231,0.830769230769231,0,0.0153846153846154,0.0615384615384615,-0.541510730051798,-0.00963361042500205,0.2,0.230769230769231,0.2,0.0461538461538462,0,0.215384615384615,3.52459016393443,2.45901639344262,0,0.0163934426229508,0.0655737704918033,-0.658018042683094,-0.0114414511372757,0.213114754098361,0.19672131147541,0.180327868852459,0.0327868852459016,0,0.180327868852459,38.4285714285714,21.4285714285714,7.71428571428571,0,0.142857142857143,0.571428571428571,-5.02831392190955,-0.0894549539464476,1.85714285714286,2.14285714285714,1.85714285714286,0.428571428571429,0,2,9.68,6,0,0.487108428582416,0.00869732344435761,0.12,0.48,0.44,0.08,0,0.44,4.56,2.24,0.826666666666667,0,0.0133333333333333,0.0533333333333333,-0.402332760365249,-0.00512798259233629,0.173333333333333,0.28,0.213333333333333,0.0533333333333333,0,0.266666666666667,4,2.4,0,0.0142857142857143,0.0571428571428571,-0.54552440510634,-0.00745933783852836,0.185714285714286,0.242857142857143,0.2,0.0428571428571429,0,0.228571428571429,49,24,9,0,0.142857142857143,0.571428571428571,-3.98660175771257,-0.0549405543970352,1.85714285714286,3.14285714285714,2.28571428571429,0.571428571428571,0,3,9.90322580645161,5.41935483870968,0,0.670736871073441,0.0143519219101666,0.0967741935483871,0.548387096774194,0.451612903225806,0.0967741935483871,0,0.516129032258065
39398,1,22,29,241,1,0,0,0,0,0,14,11.7907161317601,10,16,1,1,1,4,-3.96280624266365,19.24,8.19354838709677,5.45161290322581,0.419354838709677,0.032258064516129,0,0,0.43050349507007,0.00996158086037089,0.0967741935483871,0.516129032258065,0.354838709677419,0.0645161290322581,0.032258064516129,0.483870967741935,8.31034482758621,5.82758620689655,0.0344827586206897,0,0,0.406576418336554,0.00649815984362807,0.103448275862069,0.517241379310345,0.379310344827586,0.0689655172413793,0.0344827586206897,0.482758620689655,260,169,19,2,0,0,10.0287686250997,0.157618439250103,3,19,11,2,1,18,10.9545454545455,7.68181818181818,0.0454545454545455,0.795619926062059,0.0210966736286151,0.0454545454545455,0.681818181818182,0.5,0.0909090909090909,0.0454545454545455,0.636363636363636,6.66666666666667,3.66666666666667,1,0,0,0,0.547841889339527,0.0159516135851542,0.111111111111111,0.555555555555556,0.333333333333333,0,0,0.444444444444444,6.375,4.125,0,0,0,0.392148576875598,0.00502273067831993,0.125,0.5,0.375,0,0,0.375,60,33,9,0,0,0,4.93057700405574,0.143564522266388,1,5,3,0,0,4,8.5,5.5,0,0.825971856514015,0.0233638832966487,0,0.666666666666667,0.5,0,0,0.5,6.66666666666667,3.66666666666667,1,0,0,0,0.547841889339527,0.0159516135851542,0.111111111111111,0.555555555555556,0.333333333333333,0,0,0.444444444444444,6.375,4.125,0,0,0,0.392148576875598,0.00502273067831993,0.125,0.5,0.375,0,0,0.375,61,33,10,0,0,0,6.4234077652984,0.202672123908997,1,6,3,0,0,5,8.5,5.5,0,0.825971856514015,0.0233638832966487,0,0.666666666666667,0.5,0,0,0.5
39732,17,376,567,3775,29,12,24,198,2,0,170,35.3880072988958,92,430,4,1,0,41,22.0702241686504,316.2,6.15119760479042,2.72005988023952,0.601796407185629,0.0479041916167665,0.0179640718562874,0.0389221556886228,0.0490016999341098,0.00113197154650025,0.0898203592814371,0.43562874251497,0.23502994011976,0.0868263473053892,0.0344311377245509,0.309880239520958,6.02764227642276,2.95447154471545,0.048780487804878,0.0195121951219512,0.0422764227642276,0.0165591793334915,0.00062794642100329,0.0975609756097561,0.422764227642276,0.227642276422764,0.0861788617886179,0.0373983739837398,0.291056910569106,233.222222222222,100.944444444444,27.2777777777778,1.88888888888889,0.666666666666667,1.44444444444444,2.46846814603453,0.0425168793376995,3.33333333333333,17.2222222222222,8.83333333333333,3.27777777777778,1.33333333333333,12.4444444444444,10.0745501285347,4.67095115681234,0.077120822622108,0.661501232366073,0.0158122253294098,0.0359897172236504,0.660668380462725,0.359897172236504,0.136246786632391,0.0591259640102828,0.460154241645244,5.89847715736041,3.0761421319797,0.416243654822335,0.050761421319797,0.0253807106598985,0.0609137055837563,-0.102654942670439,-0.000487900206176614,0.157360406091371,0.395939086294416,0.243654822335025,0.0812182741116751,0.0355329949238579,0.355329949238579,5.9016393442623,3.31147540983607,0.0491803278688525,0.0273224043715847,0.0655737704918033,-0.149983852345786,-0.00199149238535264,0.169398907103825,0.382513661202186,0.240437158469945,0.087431693989071,0.0382513661202186,0.33879781420765,67.4444444444444,33.6666666666667,7.44444444444444,0.611111111111111,0.277777777777778,0.666666666666667,-0.828095764694276,-0.00862574429561262,1.72222222222222,4.94444444444444,2.72222222222222,0.944444444444444,0.444444444444444,4.5,11.3714285714286,5.77142857142857,0.0857142857142857,0.896984616624315,0.0230408020984081,0.0761904761904762,0.657142857142857,0.419047619047619,0.152380952380952,0.0666666666666667,0.59047619047619,6.09004739336493,3.20379146919431,0.417061611374408,0.0521327014218009,0.023696682464455,0.0568720379146919,-0.0418485309866105,0.00157499524565086,0.151658767772512,0.407582938388626,0.241706161137441,0.0900473933649289,0.037914691943128,0.369668246445498,6.10714285714286,3.44897959183673,0.0510204081632653,0.0255102040816327,0.0612244897959184,-0.0935731242582417,0.000294316139363401,0.163265306122449,0.392857142857143,0.239795918367347,0.0969387755102041,0.0408163265306122,0.352040816326531,74.6111111111111,37.5555555555556,8.11111111111111,0.666666666666667,0.277777777777778,0.666666666666667,0.171630429165741,0.0205279208910072,1.77777777777778,5.55555555555556,2.88888888888889,1.11111111111111,0.5,5.11111111111111,11.5,5.92982456140351,0.087719298245614,0.99887723812275,0.025719214876681,0.0789473684210526,0.666666666666667,0.412280701754386,0.166666666666667,0.0701754385964912,0.605263157894737
39851,13,225,338,2276,15,10,34,229,5,4,112,-27.6123093283813,54,421,2,4,2,22,20.1082751224749,177.14,5.86634844868735,2.58711217183771,0.971360381861575,0.0405727923627685,0.0238663484486874,0.081145584725537,0.00569678391731725,0.000944869038602482,0.136038186157518,0.482100238663485,0.255369928400955,0.0668257756563246,0.0238663484486874,0.324582338902148,5.48395721925134,2.89839572192513,0.0401069518716578,0.0267379679144385,0.0909090909090909,-0.0838573879999153,-0.00112875049768179,0.152406417112299,0.457219251336898,0.240641711229947,0.0668449197860963,0.0240641711229947,0.304812834224599,190.307692307692,83.3846153846154,32.5384615384615,1.38461538461538,0.769230769230769,2.61538461538462,-0.774760627458581,3.10249450574673e-07,4.38461538461539,15.6153846153846,8.30769230769231,2.15384615384615,0.769230769230769,10.6153846153846,10.1155555555556,4.81777777777778,0.0666666666666667,0.748929003565243,0.0163665399422836,0.0666666666666667,0.751111111111111,0.4,0.111111111111111,0.04,0.506666666666667,4.53846153846154,2.61538461538462,0.509615384615385,0.0576923076923077,0.0288461538461538,0.153846153846154,-0.151941551074452,0.00255690490611209,0.259615384615385,0.394230769230769,0.25,0.0673076923076923,0.0192307692307692,0.355769230769231,4.27551020408163,2.77551020408163,0.0612244897959184,0.0306122448979592,0.163265306122449,-0.225042467470385,0.000539277179219592,0.275510204081633,0.377551020408163,0.23469387755102,0.0612244897959184,0.0204081632653061,0.336734693877551,36.3076923076923,20.9230769230769,4.07692307692308,0.461538461538462,0.230769230769231,1.23076923076923,-1.33375418821819,0.0189555508528097,2.07692307692308,3.15384615384615,2,0.538461538461538,0.153846153846154,2.84615384615385,11.0416666666667,5.66666666666667,0.125,1.27964674017658,0.0314552190193415,0.1875,0.770833333333333,0.479166666666667,0.125,0.0416666666666667,0.6875,4.68965517241379,2.88793103448276,0.603448275862069,0.0603448275862069,0.0258620689655172,0.155172413793103,-0.121977460569935,0.00297695967349747,0.25,0.405172413793103,0.258620689655172,0.0689655172413793,0.0258620689655172,0.370689655172414,4.38888888888889,3.10185185185185,0.0648148148148148,0.0277777777777778,0.166666666666667,-0.236190487767888,0.0012155305469063,0.268518518518519,0.37962962962963,0.240740740740741,0.0648148148148148,0.0277777777777778,0.342592592592593,42.8461538461538,25.7692307692308,6.38461538461538,0.538461538461538,0.230769230769231,1.38461538461538,-1.01569431399428,0.0276328241263654,2.23076923076923,3.69230769230769,2.38461538461538,0.615384615384615,0.230769230769231,3.38461538461538,11.2222222222222,6.2037037037037,0.12962962962963,1.32338694433496,0.0300192381662574,0.166666666666667,0.759259259259259,0.481481481481481,0.12962962962963,0.0555555555555556,0.685185185185185
39910,17,331,480,3568,25,9,47,238,2,0,170,59.6956511337605,148,891,6,3,0,55,57.4654718999089,355.82,6.5449591280654,2.96730245231608,0.916893732970027,0.0422343324250681,0.0136239782016349,0.0694822888283379,0.180422164125269,0.00564806024476522,0.104904632152589,0.487738419618529,0.254768392370572,0.0790190735694823,0.0340599455040872,0.346049046321526,6.375,3.36111111111111,0.0462962962962963,0.0154320987654321,0.0787037037037037,0.115589897881445,0.00416639559491318,0.118827160493827,0.46141975308642,0.25462962962963,0.0817901234567901,0.037037037037037,0.33179012345679,258.85,108.9,52.2,1.85,0.5,2.55,7.45341966386745,0.232691860248793,3.85,20.1,9.85,3,1.3,14.05,10.8128078817734,5.36453201970443,0.0738916256157636,0.843473005218344,0.0230929997448396,0.0295566502463054,0.726600985221675,0.4064039408867,0.130541871921182,0.0591133004926108,0.527093596059113,6.02577319587629,3.45876288659794,0.747422680412371,0.0670103092783505,0.0154639175257732,0.0824742268041237,0.0383010474740076,0.0013005103511314,0.144329896907216,0.412371134020619,0.247422680412371,0.0876288659793814,0.0309278350515464,0.381443298969072,5.85142857142857,3.83428571428571,0.0742857142857143,0.0171428571428571,0.0914285714285714,-0.0408752786230323,-0.00186012323322246,0.16,0.382857142857143,0.245714285714286,0.0914285714285714,0.0342857142857143,0.354285714285714,62.6,33.55,11.4,0.8,0.15,0.8,1.02340660628817,0.0328843822361504,1.4,4.55,2.6,0.85,0.3,4.25,11.6666666666667,6.98958333333333,0.135416666666667,1.21585725987307,0.0277904151454676,0.0416666666666667,0.697916666666667,0.447916666666667,0.166666666666667,0.0625,0.645833333333333,6.33333333333333,3.52314814814815,1.03703703703704,0.0740740740740741,0.0138888888888889,0.0787037037037037,0.262169653905758,0.00495351783055715,0.138888888888889,0.453703703703704,0.24537037037037,0.0925925925925926,0.037037037037037,0.425925925925926,5.95833333333333,3.96354166666667,0.0833333333333333,0.015625,0.0885416666666667,0.130361339475237,0.000597671670884661,0.15625,0.416666666666667,0.239583333333333,0.0885416666666667,0.0364583333333333,0.390625,73.25,38.05,16.05,0.95,0.15,0.85,3.81461932786025,0.0729136355475014,1.5,5.7,2.85,1,0.4,5.4,11.3545454545455,6.91818181818182,0.145454545454545,1.44064298144947,0.0312722090368148,0.0454545454545455,0.727272727272727,0.418181818181818,0.154545454545455,0.0636363636363636,0.681818181818182
39917,5,61,105,775,3,3,4,14,2,0,35,14.5531169521574,7,11,1,0,0,1,0.585619137535105,44.1,6.85840707964602,4.46017699115044,0.123893805309735,0.0353982300884956,0.0265486725663717,0.0353982300884956,0.136372900620242,0.0024852013109634,0.0973451327433628,0.47787610619469,0.300884955752212,0.106194690265487,0.0265486725663717,0.31858407079646,6.98165137614679,4.62385321100917,0.0275229357798165,0.0275229357798165,0.036697247706422,0.133514834423463,0.00253623311832852,0.100917431192661,0.486238532110092,0.311926605504587,0.110091743119266,0.0275229357798165,0.321100917431193,155,100.8,2.8,0.8,0.6,0.8,3.02774721793851,0.0546158884682576,2.2,10.8,6.8,2.4,0.6,7.2,12.7049180327869,8.26229508196721,0.0491803278688525,1.06539539146649,0.0304958825573724,0,0.868852459016393,0.557377049180328,0.19672131147541,0.0491803278688525,0.573770491803279,6.64516129032258,4.80645161290323,0.193548387096774,0.0645161290322581,0.0645161290322581,0.0967741935483871,-0.06734771026772,-0.000864628207735918,0.0967741935483871,0.451612903225806,0.387096774193548,0.0645161290322581,0.032258064516129,0.387096774193548,6.89655172413793,5.13793103448276,0.0344827586206897,0.0689655172413793,0.103448275862069,-0.112411804299501,-0.00225534188668991,0.103448275862069,0.448275862068966,0.413793103448276,0.0689655172413793,0.0344827586206897,0.379310344827586,41.2,29.8,1.2,0.4,0.4,0.6,-0.417555803659864,-0.00536069488796269,0.6,2.8,2.4,0.4,0.2,2.4,15.2857142857143,10.6428571428571,0.0714285714285714,1.59702554319967,0.0508765572723503,0,0.928571428571429,0.857142857142857,0.142857142857143,0.0714285714285714,0.785714285714286,7.25714285714286,5.28571428571429,0.171428571428571,0.0857142857142857,0.0571428571428571,0.0857142857142857,0.180846609932766,0.0102277298636372,0.114285714285714,0.485714285714286,0.4,0.0857142857142857,0.0571428571428571,0.428571428571429,7.51515151515152,5.60606060606061,0.0606060606060606,0.0606060606060606,0.0909090909090909,0.15628691034123,0.00967785166524575,0.121212121212121,0.484848484848485,0.424242424242424,0.0909090909090909,0.0606060606060606,0.424242424242424,50.8,37,1.2,0.6,0.4,0.6,1.26592626952936,0.0715941090454607,0.8,3.4,2.8,0.6,0.4,3,15.4117647058824,10.8823529411765,0.117647058823529,1.96129640788414,0.0652201305728371,0,0.941176470588235,0.823529411764706,0.176470588235294,0.117647058823529,0.823529411764706
39918,17,351,562,3541,20,6,68,466,7,3,171,-43.8048432554278,81,489,0,3,2,27,11.6320835832119,254.54,5.06122448979592,2.44169096209913,0.56997084548105,0.0291545189504373,0.0087463556851312,0.0991253644314869,-0.0494436753715678,-0.0020553282632838,0.151603498542274,0.403790087463557,0.239067055393586,0.0612244897959184,0.021865889212828,0.279883381924198,4.84433962264151,2.63364779874214,0.0314465408805031,0.00943396226415094,0.106918238993711,-0.0889985273748756,-0.0028875097505347,0.163522012578616,0.388364779874214,0.227987421383648,0.0628930817610063,0.0235849056603774,0.270440251572327,210.352941176471,98.5294117647059,29.1176470588235,1.17647058823529,0.352941176470588,4,-2.45261374184681,-0.0917867748055415,6.11764705882353,17,9.76470588235294,2.47058823529412,0.88235294117647,11.7647058823529,10.0883190883191,4.77207977207977,0.056980056980057,0.734915954194872,0.0169623974976243,0.0256410256410256,0.695156695156695,0.413105413105413,0.113960113960114,0.0427350427350427,0.49002849002849,3.94871794871795,2.35897435897436,0.753846153846154,0.0256410256410256,0.0153846153846154,0.138461538461538,-0.312330503008434,-0.00408720801789699,0.21025641025641,0.333333333333333,0.241025641025641,0.041025641025641,0.0102564102564103,0.302564102564103,3.53977272727273,2.61363636363636,0.0284090909090909,0.0170454545454545,0.153409090909091,-0.374837893521943,-0.00491443933397086,0.232954545454545,0.329545454545455,0.215909090909091,0.0397727272727273,0.0113636363636364,0.301136363636364,46.5882352941176,27.0588235294118,9.94117647058824,0.294117647058823,0.176470588235294,1.58823529411765,-3.96839402056981,-0.0632758543486875,2.41176470588235,4,2.76470588235294,0.470588235294118,0.117647058823529,3.64705882352941,9.76744186046512,5.34883720930233,0.0581395348837209,0.93642964365471,0.0286353695141524,0.0348837209302326,0.674418604651163,0.441860465116279,0.0813953488372093,0.0232558139534884,0.616279069767442,4.41333333333333,2.90222222222222,0.706666666666667,0.0311111111111111,0.0177777777777778,0.124444444444444,-0.162982542781333,-0.000586395093596874,0.208888888888889,0.364444444444444,0.244444444444444,0.0488888888888889,0.0177777777777778,0.346666666666667,4.08823529411765,3.20098039215686,0.0343137254901961,0.0196078431372549,0.137254901960784,-0.227672944317532,-0.00146711612688654,0.230392156862745,0.357843137254902,0.225490196078431,0.0490196078431373,0.0196078431372549,0.343137254901961,59.9411764705882,38.4117647058824,10.8823529411765,0.411764705882353,0.235294117647059,1.64705882352941,-2.4081746851932,-0.0158385278827596,2.76470588235294,5.05882352941176,3.23529411764706,0.647058823529412,0.235294117647059,4.82352941176471,10.1619047619048,6.21904761904762,0.0666666666666667,1.14141259776753,0.0313151241407197,0.0476190476190476,0.695238095238095,0.438095238095238,0.0952380952380952,0.0380952380952381,0.666666666666667
31237,NA,NA,NA,NA,NA,NA,NA,NA,NA,NA,NA,NA,NA,NA,NA,NA,NA,NA,NA,NA,3,3,0,0,0,0,-0.131951791699976,-0.0103450119495392,0,0,0,0,0,1,3,3,0,0,0,-0.131951791699976,-0.0103450119495392,0,0,0,0,0,1,3,3,0,0,0,0,-0.131951791699976,-0.0103450119495392,0,0,0,0,0,1,3,3,0,-0.131951791699976,-0.0103450119495392,0,0,0,0,0,1,NA,NA,NA,NA,NA,NA,NA,NA,NA,NA,NA,NA,NA,NA,NA,NA,NA,NA,NA,NA,NA,NA,NA,NA,NA,NA,NA,NA,NA,NA,NA,NA,NA,NA,NA,NA,NA,NA,NA,NA,NA,NA,NA,NA,NA,NA,NA,NA,NA,NA,NA,NA,NA,NA,NA,NA,NA,NA,NA,NA,NA,NA,NA,NA,NA,NA,NA,NA,NA,NA,NA,NA,NA,NA,NA,NA,NA,NA,NA,NA,NA,NA,NA,NA,NA,NA,NA,NA,NA,NA,NA,NA,NA,NA,NA,NA,NA,NA,NA,NA,NA,NA,NA,NA
